,NAAF,A,C,D,E,F,G,H,I,K,L,M,N,P,Q,R,S,T,V,W,Y,c-carb,m-oxid,k-oxid,p-oxid,r-oxid,y-oxid,n-deam,k-meth,r-meth,q-pyro,k-acet,% C w/ carb.,% M w/ oxid,% K w/ oxid,% P w/ oxid,% R w/ oxid,% Y w/ oxid,% N w/ deam,% K w/ meth,% R w/ meth,% Q w/ pyro,% K w/ acet,NAAF check
sample total,229.47780944461982,115,1,263,170,93,325,59,166,78,202,49,98,278,59,53,67,79,164,12,40,0.0062993817621018015,2.863178519372439,0.0,0.14114601589953135,0.27664479863852603,0.10309894369323795,0.10670475385152325,0.0,0.0,0.07380541177972227,0.0,0.0062993817621018015,0.05843221468107018,0.0,0.0005077194816529905,0.005219713181858982,0.002577473592330949,0.0010888240188930945,0.0,0.0,0.001250939182707157,0.0,0.0001832733220440584
