,A,C,D,E,F,G,H,I,K,L,M,N,P,Q,R,S,T,V,W,Y,c-carb,m-oxid,k-oxid,p-oxid,r-oxid,y-oxid,n-deam,k-meth,r-meth,q-pyro,k-acet,Total area,Total length,% C w/ carb,% M w/ oxid,% K w/ oxid,% P w/ oxid,% R w/ oxid,% Y w/ oxid,% N w/ deam,% K w/ meth,% R w/ meth,% Q w/ pyro,% K w/ acet,NAAF denom.
sample total,158,0,254,201,73,411,70,177,81,139,28,110,293,104,69,63,125,156,14,41,0,7,1,12,2,1,2,3,0,7,0,1447181040.0,2560,,0.25,0.012345679012345678,0.040955631399317405,0.17391304347826086,0.024390243902439025,0.01818181818181818,0.037037037037037035,0.0,0.0673076923076923,0.0,565305.09375
