,A,C,D,E,F,G,H,I,K,L,M,N,P,Q,R,S,T,V,W,Y,c-carb,m-oxid,k-oxid,p-oxid,r-oxid,y-oxid,n-deam,k-meth,r-meth,q-pyro,k-acet,Total area,Total length,% C w/ carb,% M w/ oxid,% K w/ oxid,% P w/ oxid,% R w/ oxid,% Y w/ oxid,% N w/ deam,% K w/ meth,% R w/ meth,% Q w/ pyro,% K w/ acet,NAAF denom.
sample total,239,23,248,224,167,424,62,217,140,261,22,169,202,123,138,137,145,197,39,100,23,8,2,1,0,1,6,0,0,2,1,5362165720.0,3268,1.0,0.36363636363636365,0.014285714285714285,0.0049504950495049506,0.007246376811594203,0.01,0.03550295857988166,0.0,0.0,0.016260162601626018,0.007142857142857143,1640809.5838433292
