,NAAF,A,C,D,E,F,G,H,I,K,L,M,N,P,Q,R,S,T,V,W,Y,c-carb,m-oxid,k-oxid,p-oxid,r-oxid,y-oxid,n-deam,k-meth,r-meth,q-pyro,k-acet,% C w/ carb.,% M w/ oxid,% K w/ oxid,% P w/ oxid,% R w/ oxid,% Y w/ oxid,% N w/ deam,% K w/ meth,% R w/ meth,% Q w/ pyro,% K w/ acet,NAAF check
sample total,238.20623526766735,158,0,254,201,73,411,70,177,81,139,28,110,293,104,69,63,125,156,14,41,0.0,0.29510211232326666,0.0,3.0195891205678898,0.4718620700488456,0.009198572695507399,0.1663839462046105,0.08945816056721823,0.0,1.41858220436696,0.0,,0.01053936115440238,0.0,0.010305764916613959,0.006838580725345589,0.00022435543159774144,0.0015125813291328228,0.0011044217353977559,0.0,0.013640213503528462,0.0,0.0004213764176216878
