,NAAF,A,C,D,E,F,G,H,I,K,L,M,N,P,Q,R,S,T,V,W,Y,c-carb,m-oxid,k-oxid,p-oxid,r-oxid,y-oxid,n-deam,k-meth,r-meth,q-pyro,k-acet,% C w/ carb.,% M w/ oxid,% K w/ oxid,% P w/ oxid,% R w/ oxid,% Y w/ oxid,% N w/ deam,% K w/ meth,% R w/ meth,% Q w/ pyro,% K w/ acet,NAAF check
sample total,584.2817656475064,387,39,426,373,274,749,94,377,259,415,32,283,343,193,240,269,281,303,62,166,13.191599770592598,1.0512379986878426,0.06829210704241948,0.17375060522966723,0.013234275071231661,0.14218002600873259,1.3293520363571543,0.4932780931575969,0.0,0.01300874209455764,0.06683714870330001,0.3382461479639128,0.03285118745899508,0.00026367608896687056,0.0005065615312818286,5.514281279679859e-05,0.0008565061807754975,0.004697357018929873,0.0019045486222301039,0.0,6.740280878009139e-05,0.00025805848920193057,0.0006641450213470932
