,A,C,D,E,F,G,H,I,K,L,M,N,P,Q,R,S,T,V,W,Y,c-carb,m-oxid,k-oxid,p-oxid,r-oxid,y-oxid,n-deam,k-meth,r-meth,q-pyro,k-acet,Total area,Total length,% C w/ carb,% M w/ oxid,% K w/ oxid,% P w/ oxid,% R w/ oxid,% Y w/ oxid,% N w/ deam,% K w/ meth,% R w/ meth,% Q w/ pyro,% K w/ acet,NAAF denom.
sample total,928,146,930,1148,325,1178,94,645,640,740,58,458,728,373,427,585,656,839,76,244,146,48,4,56,4,4,15,4,1,27,0,2001580341,11021,1.0,0.8275862068965517,0.00625,0.07692307692307693,0.13114754098360656,0.01639344262295082,0.03275109170305677,0.00625,0.00234192037470726,0.07238605898123325,0.0,181615.1293893476
