,NAAF,A,C,D,E,F,G,H,I,K,L,M,N,P,Q,R,S,T,V,W,Y,c-carb,m-oxid,k-oxid,p-oxid,r-oxid,y-oxid,n-deam,k-meth,r-meth,q-pyro,k-acet,% C w/ carb.,% M w/ oxid,% K w/ oxid,% P w/ oxid,% R w/ oxid,% Y w/ oxid,% N w/ deam,% K w/ meth,% R w/ meth,% Q w/ pyro,% K w/ acet,NAAF check
sample total,334.6927602267168,239,23,248,224,167,424,62,217,140,261,22,169,202,123,138,137,145,197,39,100,6.474449761789551,0.39671832444914035,0.10107812604750092,0.003108220939657852,0.0,0.07454104515921546,1.0525939814903802,0.0,0.0,0.007735519336496902,0.09568444853456524,0.2814978157299805,0.01803265111132456,0.0007219866146250066,1.5387232374543822e-05,0.0,0.0007454104515921546,0.006228366754380948,0.0,0.0,6.289040110973091e-05,0.000683460346675466,0.0002039802050369737
