,NAAF,A,C,D,E,F,G,H,I,K,L,M,N,P,Q,R,S,T,V,W,Y,c-carb,m-oxid,k-oxid,p-oxid,r-oxid,y-oxid,n-deam,k-meth,r-meth,q-pyro,k-acet,% C w/ carb.,% M w/ oxid,% K w/ oxid,% P w/ oxid,% R w/ oxid,% Y w/ oxid,% N w/ deam,% K w/ meth,% R w/ meth,% Q w/ pyro,% K w/ acet,NAAF check
sample total,1019.5228046980079,711.0322840509281,39.3840155485585,717.0745736258912,746.3710258021662,225.7255817218953,1032.2634230843248,309.04701171196564,808.4020844671023,174.7620129925695,1102.4576388307385,15.083726402834642,889.8928214229904,591.68296715954,220.60496057809632,546.6255291983748,601.5717618762407,527.2998342708049,613.7434292741733,48.375190590078375,102.4364860675478,39.3840155485585,3.6506357902667554,0.0,0.0,0.0,0.0,1.0387999739026907,0.0,0.018422570196258,0.0,0.0,1.0,0.2420247949857206,0.0,0.0,0.0,0.0,0.001167331558244946,0.0,3.370235968172701e-05,0.0,0.0,0.002147904370090393
