,NAAF,A,C,D,E,F,G,H,I,K,L,M,N,P,Q,R,S,T,V,W,Y,c-carb,m-oxid,k-oxid,p-oxid,r-oxid,y-oxid,n-deam,k-meth,r-meth,q-pyro,k-acet,% C w/ carb.,% M w/ oxid,% K w/ oxid,% P w/ oxid,% R w/ oxid,% Y w/ oxid,% N w/ deam,% K w/ meth,% R w/ meth,% Q w/ pyro,% K w/ acet,NAAF check
sample total,851.8514605785884,591,112,614,625,307,979,132,539,402,631,61,414,516,291,377,478,417,495,74,247,22.962069285925914,1.9114026966226558,0.015160538776237721,2.6115007203521934,0.3532875545855127,0.131357551682576,1.4139489088103425,0.9436206674874754,0.09494231929113191,0.37842534403787914,0.0,0.20501847576719565,0.03133447043643698,3.771278302546697e-05,0.00506104790765929,0.0009371022668050735,0.0005318119501318867,0.0034153355285273974,0.0023473150932524266,0.00025183639069265755,0.0013004307355253578,0.0,0.0015342473536912894
