,NAAF,A,C,D,E,F,G,H,I,K,L,M,N,P,Q,R,S,T,V,W,Y,c-carb,m-oxid,k-oxid,p-oxid,r-oxid,y-oxid,n-deam,k-meth,r-meth,q-pyro,k-acet,% C w/ carb.,% M w/ oxid,% K w/ oxid,% P w/ oxid,% R w/ oxid,% Y w/ oxid,% N w/ deam,% K w/ meth,% R w/ meth,% Q w/ pyro,% K w/ acet,NAAF check
sample total,2313.31315505134,1343.0737696932931,0.0,1872.3806436797072,2886.464248973296,792.9603913833384,2129.644477961838,400.2102671287746,1034.57107073225,1092.0411982923422,2211.3584226626313,258.11040444470376,917.1536234479479,1618.1430480984966,830.3457361889396,715.1343645507435,696.082699969772,1049.4193415168538,1532.3952369786316,26.159007356911403,172.27536368191767,0.0,124.79031363811725,6.889730212496313,49.34995982413009,34.2424663469307,0.8023750710352467,0.8149490858348153,12.977121496948788,0.8534561065335711,117.06600735446575,1.1300109789258903,,0.4834764948998857,0.0063090387279069625,0.03049789688379031,0.04788256311587299,0.00465751488713569,0.0008885633387906109,0.011883362566578537,0.0011934206337150684,0.1409846552494709,0.0010347695496222328,0.004270939608343087
