,NAAF,A,C,D,E,F,G,H,I,K,L,M,N,P,Q,R,S,T,V,W,Y,c-carb,m-oxid,k-oxid,p-oxid,r-oxid,y-oxid,n-deam,k-meth,r-meth,q-pyro,k-acet,% C w/ carb.,% M w/ oxid,% K w/ oxid,% P w/ oxid,% R w/ oxid,% Y w/ oxid,% N w/ deam,% K w/ meth,% R w/ meth,% Q w/ pyro,% K w/ acet,NAAF check
sample total,851.8514605785884,733.8500151262134,22.962069285925914,477.43921723766306,666.6812242508291,183.1718043345831,693.1809059116044,151.1453997837496,620.6569586740907,170.37568167437544,900.7926414103921,8.463221326715928,766.0714755880336,443.1674517816566,162.53380146555497,545.3646621103245,556.6699269511506,472.3724831729382,559.0242715016054,35.898066706935104,65.82015993647492,22.962069285925914,1.9114026966226558,0.015160538776237721,2.6115007203521934,0.3532875545855127,0.131357551682576,1.4139489088103425,0.9436206674874754,0.09494231929113191,0.37842534403787914,0.0,1.0,0.22584812837033028,8.898299702895845e-05,0.005892808034193921,0.0006478005986277937,0.001995703927327938,0.0018457140800406393,0.00553847038623116,0.00017408960625308275,0.0023282870432220653,0.0,0.0015342473536912894
