,A,C,D,E,F,G,H,I,K,L,M,N,P,Q,R,S,T,V,W,Y,c-carb,m-oxid,k-oxid,p-oxid,r-oxid,y-oxid,n-deam,k-meth,r-meth,q-pyro,k-acet,Total area,Total length,% C w/ carb,% M w/ oxid,% K w/ oxid,% P w/ oxid,% R w/ oxid,% Y w/ oxid,% N w/ deam,% K w/ meth,% R w/ meth,% Q w/ pyro,% K w/ acet,NAAF denom.
sample total,591,112,614,625,307,979,132,539,402,631,61,414,516,291,377,478,417,495,74,247,112,28,2,20,1,5,16,8,1,6,0,4568941020.0,8229,1.0,0.45901639344262296,0.004975124378109453,0.03875968992248062,0.05305039787798409,0.020242914979757085,0.03864734299516908,0.01990049751243781,0.002652519893899204,0.020618556701030927,0.0,555224.3310244258
