,NAAF,A,C,D,E,F,G,H,I,K,L,M,N,P,Q,R,S,T,V,W,Y,c-carb,m-oxid,k-oxid,p-oxid,r-oxid,y-oxid,n-deam,k-meth,r-meth,q-pyro,k-acet,% C w/ carb.,% M w/ oxid,% K w/ oxid,% P w/ oxid,% R w/ oxid,% Y w/ oxid,% N w/ deam,% K w/ meth,% R w/ meth,% Q w/ pyro,% K w/ acet,NAAF check
sample total,641.7860150239674,408.96850846573443,16.624161781604624,574.2853087473925,546.229223519337,273.90680359603044,743.8429771402962,217.96637146592306,624.3435052317121,136.0035040340602,621.9847488720598,35.84143339400009,430.3079079542659,281.34909510488353,192.31858777158538,337.92753826125,141.71322245654,257.42834436837734,421.92396769472816,43.431716338427,94.71712199469043,16.624161781604624,3.3151203221430663,0.0,0.0,0.0,0.0,0.8239117123128556,0.0,0.0,0.0,0.0,1.0,0.09249407761403936,0.0,0.0,0.0,0.0,0.001914702697958372,0.0,0.0,0.0,0.0,0.0006349815527051787
