,NAAF,A,C,D,E,F,G,H,I,K,L,M,N,P,Q,R,S,T,V,W,Y,c-carb,m-oxid,k-oxid,p-oxid,r-oxid,y-oxid,n-deam,k-meth,r-meth,q-pyro,k-acet,% C w/ carb.,% M w/ oxid,% K w/ oxid,% P w/ oxid,% R w/ oxid,% Y w/ oxid,% N w/ deam,% K w/ meth,% R w/ meth,% Q w/ pyro,% K w/ acet,NAAF check
sample total,334.6927602267168,233.9251796177815,6.474449761789551,272.9659008759441,336.8696748260086,113.74826568102145,365.2661965691393,65.24347006102295,271.8109983025844,94.0790270598081,311.836379955397,2.0578203800210004,301.53497372678925,113.95741261491503,80.16122933742099,215.09513277911788,76.67117058649012,125.04227536065397,215.19456068705784,21.809669894061138,44.85828650808934,6.474449761789551,0.39671832444914035,0.10107812604750092,0.003108220939657852,0.0,0.07454104515921546,1.0525939814903802,0.0,0.0,0.007735519336496902,0.09568444853456524,1.0,0.19278569125896777,0.0010743959541933117,2.7275285287155074e-05,0.0,0.0016617006792217397,0.0034907857237286856,0.0,0.0,9.649950980586815e-05,0.0010170646054166413,0.0002039802050369737
