,NAAF,A,C,D,E,F,G,H,I,K,L,M,N,P,Q,R,S,T,V,W,Y,c-carb,m-oxid,k-oxid,p-oxid,r-oxid,y-oxid,n-deam,k-meth,r-meth,q-pyro,k-acet,% C w/ carb.,% M w/ oxid,% K w/ oxid,% P w/ oxid,% R w/ oxid,% Y w/ oxid,% N w/ deam,% K w/ meth,% R w/ meth,% Q w/ pyro,% K w/ acet,NAAF check
sample total,1131.3174210415289,908.1988091050298,128.5054545904924,787.0682309068411,1229.5437811188588,210.93437077177668,915.0713030541546,87.10898114841063,676.119865201917,523.5508662531026,957.3710553332513,18.919296164350527,591.3982269077893,710.7715881879229,424.9936840886156,544.9877697767572,508.8173923592123,738.8646948064626,1129.4651590510964,50.824683884558084,106.25740250487226,128.5054545904924,16.840481577681743,1.5851958838677715,38.932754715271294,13.789816973756382,0.22942288347256118,1.7831634949906527,1.7784861926792943,0.3193566537938051,41.68534748790151,0.0,1.0,0.8901219913991368,0.0030277781702712967,0.05477533902913653,0.02530298428422548,0.0021591237698666815,0.0030151654399002505,0.003396969248484659,0.0005859886615889066,0.09808462819228551,0.0,0.006229202516594138
