,NAAF,A,C,D,E,F,G,H,I,K,L,M,N,P,Q,R,S,T,V,W,Y,c-carb,m-oxid,k-oxid,p-oxid,r-oxid,y-oxid,n-deam,k-meth,r-meth,q-pyro,k-acet,% C w/ carb.,% M w/ oxid,% K w/ oxid,% P w/ oxid,% R w/ oxid,% Y w/ oxid,% N w/ deam,% K w/ meth,% R w/ meth,% Q w/ pyro,% K w/ acet,NAAF check
sample total,2313.31315505134,1610,0,1930,2493,860,2512,246,1126,1102,1614,367,763,1798,800,554,799,1016,1675,61,315,0.0,124.79031363811725,6.889730212496313,49.34995982413009,34.2424663469307,0.8023750710352467,0.8149490858348153,12.977121496948788,0.8534561065335711,117.06600735446575,1.1300109789258903,,0.3400281025561778,0.006252023786294295,0.027447141170261452,0.061809506041391155,0.002547222447730942,0.0010680853025357999,0.011775972320280208,0.0015405344883277455,0.1463325091930822,0.0010254183111850185,0.004270939608343087
