,NAAF,A,C,D,E,F,G,H,I,K,L,M,N,P,Q,R,S,T,V,W,Y,c-carb,m-oxid,k-oxid,p-oxid,r-oxid,y-oxid,n-deam,k-meth,r-meth,q-pyro,k-acet,% C w/ carb.,% M w/ oxid,% K w/ oxid,% P w/ oxid,% R w/ oxid,% Y w/ oxid,% N w/ deam,% K w/ meth,% R w/ meth,% Q w/ pyro,% K w/ acet,NAAF check
sample total,1065.7397227662154,727.6629996979091,133.81923709309703,869.6477894530342,1207.2207345269467,337.2092310376619,1071.4563202468078,227.624923758897,625.8324992626738,506.7039035169298,894.5662805707088,21.253548010725563,623.2597812546621,774.9766745845262,440.9647956173932,332.24893934541115,464.59775232301155,576.3659726010192,946.1841606901495,49.88766033500471,117.92510085285318,133.81923709309703,18.92788746005652,0.0,0.0,0.0,0.0,0.834465357389205,0.0,0.0,0.0,0.0,1.0,0.8905754206546878,0.0,0.0,0.0,0.0,0.0013388724613505021,0.0,0.0,0.0,0.0,0.0055852258487152275
