,NAAF,A,C,D,E,F,G,H,I,K,L,M,N,P,Q,R,S,T,V,W,Y,c-carb,m-oxid,k-oxid,p-oxid,r-oxid,y-oxid,n-deam,k-meth,r-meth,q-pyro,k-acet,% C w/ carb.,% M w/ oxid,% K w/ oxid,% P w/ oxid,% R w/ oxid,% Y w/ oxid,% N w/ deam,% K w/ meth,% R w/ meth,% Q w/ pyro,% K w/ acet,NAAF check
sample total,229.47780944461982,85.25452349643163,0.0062993817621018015,418.0882939945147,165.1184788352047,71.6219115129911,275.3753684302121,107.87661634631584,268.18202412591415,61.329375093001474,161.43393901882834,9.788333986585414,54.68309571697336,266.7110430030692,47.90091913525254,50.88948376721714,47.07964408275207,69.27627198290376,106.1478365151939,6.364837032872991,97.87130761107028,0.0062993817621018015,2.863178519372439,0.0,0.14114601589953135,0.27664479863852603,0.10309894369323795,0.10670475385152325,0.0,0.0,0.07380541177972227,0.0,1.0,0.2925092792395856,0.0,0.0005292094932038756,0.0054361879539587665,0.0010534133671018448,0.0019513297931009897,0.0,0.0,0.0015407932271889412,0.0,0.0001832733220440584
