,NAAF,A,C,D,E,F,G,H,I,K,L,M,N,P,Q,R,S,T,V,W,Y,c-carb,m-oxid,k-oxid,p-oxid,r-oxid,y-oxid,n-deam,k-meth,r-meth,q-pyro,k-acet,% C w/ carb.,% M w/ oxid,% K w/ oxid,% P w/ oxid,% R w/ oxid,% Y w/ oxid,% N w/ deam,% K w/ meth,% R w/ meth,% Q w/ pyro,% K w/ acet,NAAF check
sample total,750.1246116883422,404.41482104866793,21.70531638875201,747.0258750837778,548.3962938713426,310.03365822323167,900.7903209127694,267.81991528059086,768.8507677281762,166.1835385281207,676.8760354880687,30.890829013628764,400.339616181663,430.8767327183192,249.83197108799595,330.6480151614969,119.84339347559694,319.8230663855889,363.1920991588453,39.84183081840358,178.62562042613135,21.70531638875201,2.389240931397531,0.0,0.0,0.0,0.0,0.2067410011026371,0.0,0.0,0.0,0.0,1.0,0.07734466855335669,0.0,0.0,0.0,0.0,0.0005164140463401548,0.0,0.0,0.0,0.0,0.000896035209376616
