,NAAF,A,C,D,E,F,G,H,I,K,L,M,N,P,Q,R,S,T,V,W,Y,c-carb,m-oxid,k-oxid,p-oxid,r-oxid,y-oxid,n-deam,k-meth,r-meth,q-pyro,k-acet,% C w/ carb.,% M w/ oxid,% K w/ oxid,% P w/ oxid,% R w/ oxid,% Y w/ oxid,% N w/ deam,% K w/ meth,% R w/ meth,% Q w/ pyro,% K w/ acet,NAAF check
sample total,52.66936656818518,44,0,49,35,23,88,19,49,22,46,10,19,40,12,12,13,13,43,5,11,0.0,0.5924549267175048,0.030254087402633797,0.0,0.0,0.0,0.0,0.030254087402633797,0.0,0.012250962614816204,0.0,,0.05924549267175048,0.001375185791028809,0.0,0.0,0.0,0.0,0.001375185791028809,0.0,0.0010209135512346836,0.0,3.531221317662566e-05
