,NAAF,A,C,D,E,F,G,H,I,K,L,M,N,P,Q,R,S,T,V,W,Y,c-carb,m-oxid,k-oxid,p-oxid,r-oxid,y-oxid,n-deam,k-meth,r-meth,q-pyro,k-acet,% C w/ carb.,% M w/ oxid,% K w/ oxid,% P w/ oxid,% R w/ oxid,% Y w/ oxid,% N w/ deam,% K w/ meth,% R w/ meth,% Q w/ pyro,% K w/ acet,NAAF check
sample total,52.66936656818518,8.05898166053885,0.0,76.04221505686108,16.685600079046374,3.6247991180631,85.58914341302243,44.47375344307629,89.78991880910309,5.085563331251998,52.27128184097053,8.506290891070588,9.13157395694837,80.70614935394488,6.291238224691689,2.7655632912942005,2.4646719760176956,1.5749580879913319,20.9221352223165,1.0168796840773477,36.05996907440254,0.0,0.5924549267175048,0.030254087402633797,0.0,0.0,0.0,0.0,0.030254087402633797,0.0,0.012250962614816204,0.0,,0.06964903202868711,0.005949013989603713,0.0,0.0,0.0,0.0,0.005949013989603713,0.0,0.0019473054710810254,0.0,3.531221317662566e-05
