,A,C,D,E,F,G,H,I,K,L,M,N,P,Q,R,S,T,V,W,Y,c-carb,m-oxid,k-oxid,p-oxid,r-oxid,y-oxid,n-deam,k-meth,r-meth,q-pyro,k-acet,Total area,Total length,% C w/ carb,% M w/ oxid,% K w/ oxid,% P w/ oxid,% R w/ oxid,% Y w/ oxid,% N w/ deam,% K w/ meth,% R w/ meth,% Q w/ pyro,% K w/ acet,NAAF denom.
sample total,387,39,426,373,274,749,94,377,259,415,32,283,343,193,240,269,281,303,62,166,39,13,3,1,1,3,9,7,0,1,2,4865898775.0,5531,1.0,0.40625,0.011583011583011582,0.0029154518950437317,0.004166666666666667,0.018072289156626505,0.03180212014134275,0.02702702702702703,0.0,0.0051813471502590676,0.007722007722007722,879750.2757186765
