,NAAF,A,C,D,E,F,G,H,I,K,L,M,N,P,Q,R,S,T,V,W,Y,c-carb,m-oxid,k-oxid,p-oxid,r-oxid,y-oxid,n-deam,k-meth,r-meth,q-pyro,k-acet,% C w/ carb.,% M w/ oxid,% K w/ oxid,% P w/ oxid,% R w/ oxid,% Y w/ oxid,% N w/ deam,% K w/ meth,% R w/ meth,% Q w/ pyro,% K w/ acet,NAAF check
sample total,584.2817656475064,376.1309297718172,13.191599770592598,539.0333984805934,577.390813921278,243.405678839488,557.256446334762,126.87057924145046,515.5551537132728,195.22823585336334,487.1763436820584,4.422767236117915,354.81115590580765,213.32999746788664,140.72945029082487,312.009246721725,139.7693618513299,297.9836664054068,304.8730912492959,29.352401057630868,105.14243999876219,13.191599770592598,1.0512379986878426,0.06829210704241948,0.17375060522966723,0.013234275071231661,0.14218002600873259,1.3293520363571543,0.4932780931575969,0.0,0.01300874209455764,0.06683714870330001,1.0,0.23768784169853058,0.0003498065059283429,0.0008144686977546257,4.241629121663518e-05,0.0013522610471129112,0.0037466466717017764,0.0025266739260405954,0.0,9.243795145702896e-05,0.0003423539039378589,0.0006641450213470932
