,A,C,D,E,F,G,H,I,K,L,M,N,P,Q,R,S,T,V,W,Y,c-carb,m-oxid,k-oxid,p-oxid,r-oxid,y-oxid,n-deam,k-meth,r-meth,q-pyro,k-acet,Total area,Total length,% C w/ carb,% M w/ oxid,% K w/ oxid,% P w/ oxid,% R w/ oxid,% Y w/ oxid,% N w/ deam,% K w/ meth,% R w/ meth,% Q w/ pyro,% K w/ acet,NAAF denom.
sample total,1610,0,1930,2493,860,2512,246,1126,1102,1614,367,763,1798,800,554,799,1016,1675,61,315,0,196,11,79,8,4,6,18,5,104,3,11579728696.06,21379,,0.5340599455040872,0.009981851179673321,0.0439377085650723,0.14259927797833935,0.012698412698412698,0.007863695937090432,0.016333938294010888,0.009025270758122744,0.13,0.0027223230490018148,541640.3337882969
