,NAAF,A,C,D,E,F,G,H,I,K,L,M,N,P,Q,R,S,T,V,W,Y,c-carb,m-oxid,k-oxid,p-oxid,r-oxid,y-oxid,n-deam,k-meth,r-meth,q-pyro,k-acet,% C w/ carb.,% M w/ oxid,% K w/ oxid,% P w/ oxid,% R w/ oxid,% Y w/ oxid,% N w/ deam,% K w/ meth,% R w/ meth,% Q w/ pyro,% K w/ acet,NAAF check
sample total,238.20623526766735,154.7164717616562,0.0,309.4608447520898,188.45147001067713,76.99208181250981,398.145432522456,96.19583758853577,237.60228296298396,62.7171557518585,134.00941245853366,3.3934298158323646,99.23267315065779,244.05424376733714,97.81662717041124,73.7938270917426,67.54607276678922,106.97170154021414,166.7241361129138,1.6365377016304283,40.539761261170376,0.0,0.29510211232326666,0.0,3.0195891205678898,0.4718620700488456,0.009198572695507399,0.1663839462046105,0.08945816056721823,0.0,1.41858220436696,0.0,,0.0869627864252386,0.0,0.012372614685801316,0.006394329832795,0.00022690248805973942,0.0016767052717808154,0.0014263746417513092,0.0,0.014502464922406056,0.0,0.0004213764176216878
