,NAAF,A,C,D,E,F,G,H,I,K,L,M,N,P,Q,R,S,T,V,W,Y,c-carb,m-oxid,k-oxid,p-oxid,r-oxid,y-oxid,n-deam,k-meth,r-meth,q-pyro,k-acet,% C w/ carb.,% M w/ oxid,% K w/ oxid,% P w/ oxid,% R w/ oxid,% Y w/ oxid,% N w/ deam,% K w/ meth,% R w/ meth,% Q w/ pyro,% K w/ acet,NAAF check
sample total,1131.3174210415289,928,146,930,1148,325,1178,94,645,640,740,58,458,728,373,427,585,656,839,76,244,128.5054545904924,16.840481577681743,1.5851958838677715,38.932754715271294,13.789816973756382,0.22942288347256118,1.7831634949906527,1.7784861926792943,0.3193566537938051,41.68534748790151,0.0,0.880174346510222,0.2903531306496852,0.002476868568543393,0.05347905867482321,0.03229465333432408,0.0009402577191498409,0.003893370076398805,0.0027788846760613975,0.0007479078543180448,0.11175696377453488,0.0,0.006229202516594138
