Day,K-acet,N-deam,R-meth
0,0.01792114695,0.01946107784,0.01655629139
2,0.01261829653,0.0154494382,0.01041666667
5,0.02252252252,0.01982378855,0.007782101167
12,0.0078125,0.01167883212,0.007125890736
