GO term,Day 0 kacet,Day 2 kacet,Day 5 kacet,Day 12 kacet
Chloroplast,1.792114695,1.261829653,2.252252252,0.78125
Cell membrane,59.49820789,57.0977918,59.45945946,59.63541667
Mitochondria,3.225806452,2.208201893,1.351351351,1.822916667
Endoplasmic,0,0.6309148265,0.4504504505,0.5208333333
Golgi,0.7168458781,1.261829653,0.9009009009,1.041666667
Ribosome,2.150537634,1.577287066,3.153153153,2.34375
Nucleus,9.318996416,9.148264984,6.306306306,7.8125
Cytoplasm,23.29749104,26.81388013,26.12612613,26.04166667
