GO term,Day 0 kacet,Day 2 kacet,Day 5 kacet,Day 12 kacet
Chloroplast,0,1.265822785,0,1.123595506
Cell membrane,63.82978723,55.06329114,62.71186441,67.41573034
Mitochondria,4.255319149,3.164556962,0,1.123595506
Endoplasmic,0,1.265822785,0,0
Golgi,2.127659574,0,1.694915254,0
Ribosome,2.127659574,3.164556962,1.694915254,1.123595506
Nucleus,0,6.329113924,6.779661017,3.370786517
Cytoplasm,27.65957447,29.74683544,27.11864407,25.84269663
