GO term,Day 0 ndeam,Day 2 ndeam,Day 5 ndeam,Day 12 ndeam
Chloroplast,0.6451612903,2.272727273,0.5434782609,0.826446281
Cell membrane,55.48387097,56.43939394,64.13043478,62.39669421
Mitochondria,2.580645161,4.166666667,1.086956522,2.066115702
Endoplasmic,0,0,1.086956522,0.4132231405
Golgi,0.6451612903,0.3787878788,2.173913043,2.066115702
Ribosome,1.935483871,3.03030303,2.717391304,2.892561983
Nucleus,9.032258065,5.681818182,3.804347826,5.785123967
Cytoplasm,29.67741935,28.03030303,24.45652174,23.55371901
