GO term,Day 0 ndeam,Day 2 ndeam,Day 5 ndeam,Day 12 ndeam
Chloroplast,1.946107784,1.54494382,1.982378855,1.167883212
Cell membrane,59.73053892,61.65730337,62.99559471,62.62773723
Mitochondria,2.54491018,2.247191011,1.982378855,3.211678832
Endoplasmic,0.2994011976,0.702247191,0.8810572687,0.1459854015
Golgi,0.4491017964,0.702247191,0.6607929515,0.5839416058
Ribosome,2.245508982,3.511235955,1.982378855,2.04379562
Nucleus,6.28742515,5.617977528,6.828193833,7.445255474
Cytoplasm,26.49700599,24.01685393,22.68722467,22.77372263
