GO term,Day 0  rmeth,Day 2  rmeth,Day 5  rmeth,Day 12  rmeth
Chloroplast,0,0,0,5.263157895
Cell membrane,66.66666667,2.325581395,70.83333333,64.9122807
Mitochondria,0,16.27906977,0,3.50877193
Endoplasmic,6.666666667,4.651162791,0,0
Golgi,0,4.651162791,0,0
Ribosome,0,4.651162791,4.166666667,0
Nucleus,0,9.302325581,0,3.50877193
Cytoplasm,26.66666667,58.13953488,25,22.80701754
