GO term,Day 0  rmeth,Day 2  rmeth,Day 5  rmeth,Day 12  rmeth
Chloroplast,0,0,0,5.263157895
Cell membrane,66.66666667,53.84615385,70.83333333,64.9122807
Mitochondria,0,7.692307692,0,3.50877193
Endoplasmic,6.666666667,2.197802198,0,0
Golgi,0,2.197802198,0,0
Ribosome,0,2.197802198,4.166666667,0
Nucleus,0,4.395604396,0,3.50877193
Cytoplasm,26.66666667,27.47252747,25,22.80701754
