GO term,Day 0 ND,Day 2 ND,Day 5 ND,Day 12 ND
Chloroplast,31.055900621118,43.5374149659864,66.0377358490566,73.9583333333333
Cell membrane,25.4658385093168,22.6190476190476,27.0440251572327,26.0416666666667
Mitochondria,3.72670807453416,11.2244897959184,0,0
Endoplasmic,4.96894409937888,0,0,0
Golgi,9.3167701863354,0,0,0
Ribosome,8.38509316770186,6.97278911564626,0,0
Nucleus,3.1055900621118,2.72108843537415,0,0
Cytoplasm,13.9751552795031,12.9251700680272,6.91823899371069,0
