GO term,Day 0 TD,Day 2 TD,Day 5 TD,Day 12 TD
Chloroplast,28.6320254506893,27.9857397504456,52.9069767441861,59.9303135888502
Cell membrane,27.1474019088017,18.0035650623886,37.5,36.5853658536585
Mitochondria,10.4984093319194,11.319073083779,2.61627906976744,2.78745644599303
Endoplasmic,4.45387062566278,4.36720142602496,0.290697674418605,0
Golgi,4.77200424178155,0.089126559714795,0,0
Ribosome,6.78685047720043,10.0713012477718,2.61627906976744,0
Nucleus,2.01484623541888,3.11942959001782,1.74418604651163,0
Cytoplasm,15.694591728526,25.0445632798574,2.32558139534884,0.696864111498258
