,A,C,D,E,F,G,H,I,K,L,M,N,P,Q,R,S,T,V,W,Y,c-carb,m-oxid,n-deam,q-deam,x-kynu,% C w/ carb,% M w/ oxid,% N w/ deam,% Q w/ deam,% X w/ kyur
sample total,578,114,607,578,320,996,125,509,387,619,56,418,493,291,362,486,417,500,83,255,114,27,13,10,0,1.0,0.48214285714285715,0.03110047846889952,0.03436426116838488,0.0
