,A,C,D,E,F,G,H,I,K,L,M,N,P,Q,R,S,T,V,W,Y,c-carb,m-oxid,n-deam,q-deam,x-kynu,% C w/ carb,% M w/ oxid,% N w/ deam,% Q w/ deam,% X w/ kyur
sample total,670,114,674,763,242,922,67,456,448,553,34,354,500,259,285,456,464,571,60,201,114,31,12,6,0,1.0,0.9117647058823529,0.03389830508474576,0.023166023166023165,0.0
