,A,C,D,E,F,G,H,I,K,L,M,N,P,Q,R,S,T,V,W,Y,c-carb,m-oxid,n-deam,q-deam,x-kynu,% C w/ carb,% M w/ oxid,% N w/ deam,% Q w/ deam,% X w/ kyur
sample total,369,42,401,342,245,716,96,347,241,404,32,274,346,202,207,255,249,297,60,161,42,15,9,8,1,1.0,0.46875,0.032846715328467155,0.039603960396039604,0.0036496350364963502
