,A,C,D,E,F,G,H,I,K,L,M,N,P,Q,R,S,T,V,W,Y,c-carb,m-oxid,n-deam,q-deam,x-kynu,% C w/ carb,% M w/ oxid,% N w/ deam,% Q w/ deam,% X w/ kyur
sample total,342,33,350,281,212,561,94,295,174,346,32,234,278,163,176,205,214,255,55,119,33,11,11,10,0,1.0,0.34375,0.04700854700854701,0.06134969325153374,0.0
