,sample,A_Relconc,D_Relconc,E_Relconc,F_Relconc,G_Relconc,H_Relconc,K_Relconc,I/L_Relconc,M_Relconc,P_Relconc,R_Relconc,S_Relconc,T_Relconc,V_Relconc,Y_Relconc
0,1. T0 THAA,0.09442862952419684,0.10378202521350144,0.0986579910532737,0.05734038226921513,0.11337942252948356,0.015941439609597402,0.0392842618950793,0.16445709638064257,0.019520130134200897,0.04880032533550224,0.041480276535176906,0.059536396909312735,0.05034566897112648,0.06539243594957302,0.02765351769011794
1,2. T2 THAA,0.10058383693536822,0.09874014134999488,0.09843285875243266,0.06155894704496569,0.11707466967120762,0.015773840008194203,0.04721909249206187,0.16695687800880876,0.006555362081327461,0.04834579534979003,0.03953702755300625,0.058793403666905664,0.04937007067499744,0.0657584758783161,0.02529960053262317
2,3. T5 THAA,0.09976208056444334,0.10000820411846748,0.09188612683567152,0.06448437115431946,0.12314381819673476,0.016654360488965462,0.02978095003691853,0.1628517515792928,0.021576831569447865,0.04668143407990811,0.03240626794650915,0.06464845352366888,0.054803511362704074,0.06374600049224712,0.027565838050701452
3,4. T12 THAA,0.10593821298637235,0.10895973361287538,0.09274218412776716,0.05987543935376457,0.11981254239378432,0.015415921563791084,0.03280508108774743,0.16143553061602026,0.02176728124807301,0.04519948202503546,0.03218844422519579,0.05673059135475119,0.05383239810075847,0.06665844484183264,0.026638712462231
