,NAAF,A-NAAF,C-NAAF,D-NAAF,E-NAAF,F-NAAF,G-NAAF,H-NAAF,I-NAAF,K-NAAF,L-NAAF,M-NAAF,N-NAAF,P-NAAF,Q-NAAF,R-NAAF,S-NAAF,T-NAAF,V-NAAF,W-NAAF,Y-NAAF,C-carb-NAAF,M-oxid-NAAF,K-oxid-NAAF,P-oxid-NAAF,R-oxid-NAAF,Y-oxid-NAAF,N-deam-NAAF,K-meth-NAAF,R-meth-NAAF,Q-pyro-NAAF,K-acet-NAAF,AA-NAAF,AA-modifiable-NAAF,Cys. w/ carb.,Met. w/ oxid.,Lys. w/ oxid.,Pro. w/ oxid.,Arg. w/ oxid.,Tyr. w/ oxid.,Asn. w/ deam.,Lys. w/ meth.,Arg. w/ meth.,Glu. w/ pyro.,Lys. w/ acet.,Overall modified
331,2223.0871384045563,583.5767166647573,51.76061507902027,2037.3246988696717,1207.2870756636883,669.6279028496251,2302.2239858333905,1015.8416282593604,166.0,764.8171061509278,3885.0814924689575,449.06012169029765,1591.6424964276491,3013.4163233531954,228.99298881057263,311.62986061864086,310.4584967619911,738.6829631154062,799.199703503156,65.23254018145973,1014.7483609075388,50.766914460782374,181.08623891019263,29.01330378323081,193.5352640653468,21.234005803140583,32.48765932303456,1281.7660048767466,69.12380131242413,69.35471135805221,1.02551675985468,76.8307532756208,21206.605077209304,7374.307257958822,0.9808019936254455,0.40325611240777687,0.037934956671203654,0.06422453564265206,0.06813854667517193,0.032015483418942677,0.8053102425661525,0.09037951786970538,0.22255476808406852,0.004478376238422771,0.10045637402422213,1.8786369248999217
