,NAAF,A-NAAF,C-NAAF,D-NAAF,E-NAAF,F-NAAF,G-NAAF,H-NAAF,I-NAAF,K-NAAF,L-NAAF,M-NAAF,N-NAAF,P-NAAF,Q-NAAF,R-NAAF,S-NAAF,T-NAAF,V-NAAF,W-NAAF,Y-NAAF,C-carb-NAAF,M-oxid-NAAF,K-oxid-NAAF,P-oxid-NAAF,R-oxid-NAAF,Y-oxid-NAAF,N-deam-NAAF,K-meth-NAAF,R-meth-NAAF,Q-pyro-NAAF,K-acet-NAAF,AA-NAAF,AA-modifiable-NAAF,Cys. w/ carb.,Met. w/ oxid.,Lys. w/ oxid.,Pro. w/ oxid.,Arg. w/ oxid.,Tyr. w/ oxid.,Asn. w/ deam.,Lys. w/ meth.,Arg. w/ meth.,Glu. w/ pyro.,Lys. w/ acet.,Overall modified
332,52.669366568185175,8.05898166053885,0.0,76.04221505686108,16.685600079046377,3.6247991180631,85.58914341302244,44.47375344307628,89.78991880910309,5.085563331251998,52.27128184097054,8.506290891070588,9.131573956948369,80.70614935394488,6.291238224691689,2.7655632912942005,2.464671976017696,1.574958087991332,20.922135222316502,1.0168796840773475,36.05996907440254,0.0,0.5924549267175048,0.0302540874026338,0.0,0.0,0.0,0.0,0.0302540874026338,0.0,0.012250962614816206,0.0,551.0606865146889,148.54634812360428,,0.06964903202868711,0.005949013989603714,0.0,0.0,0.0,0.0,0.005949013989603714,0.0,0.0019473054710810256,0.0,0.0066521406413758855
