,NAAF,A-NAAF,C-NAAF,D-NAAF,E-NAAF,F-NAAF,G-NAAF,H-NAAF,I-NAAF,K-NAAF,L-NAAF,M-NAAF,N-NAAF,P-NAAF,Q-NAAF,R-NAAF,S-NAAF,T-NAAF,V-NAAF,W-NAAF,Y-NAAF,C-carb-NAAF,M-oxid-NAAF,K-oxid-NAAF,P-oxid-NAAF,R-oxid-NAAF,Y-oxid-NAAF,N-deam-NAAF,K-meth-NAAF,R-meth-NAAF,Q-pyro-NAAF,K-acet-NAAF,AA-NAAF,AA-modifiable-NAAF,Cys. w/ carb.,Met. w/ oxid.,Lys. w/ oxid.,Pro. w/ oxid.,Arg. w/ oxid.,Tyr. w/ oxid.,Asn. w/ deam.,Lys. w/ meth.,Arg. w/ meth.,Glu. w/ pyro.,Lys. w/ acet.,Overall modified
332,2317.3992543828426,912.7264541610612,19.133143902597705,1698.0181431920046,1012.1520564004245,460.56331596226164,2436.3287839413315,958.0194264486832,89.78991880910309,1291.5277372963844,4175.493432785039,377.32972828193635,1551.2129895659084,3089.7186916823493,330.6983570633964,452.9681413485624,402.00852773730657,753.6564459764046,1320.3576996873583,115.25980444776569,927.3758604600611,19.133143902597705,96.55692989501671,150.6668932182173,358.18170151371834,45.75027186888806,31.008604501502568,1144.0423607557618,153.9133716862837,75.83534356637614,3.6641402292633365,162.1918723377197,22374.338659149947,8020.831505698598,1.0,0.2558953685803163,0.11665788419969622,0.11592696204931481,0.10100108085456475,0.03343693298865849,0.737514685894882,0.11917155725085532,0.16741871368834363,0.011080007357160544,0.12558140847771768,2.059639838563979
