,NAAF,A-NAAF,C-NAAF,D-NAAF,E-NAAF,F-NAAF,G-NAAF,H-NAAF,I-NAAF,K-NAAF,L-NAAF,M-NAAF,N-NAAF,P-NAAF,Q-NAAF,R-NAAF,S-NAAF,T-NAAF,V-NAAF,W-NAAF,Y-NAAF,C-carb-NAAF,M-oxid-NAAF,K-oxid-NAAF,P-oxid-NAAF,R-oxid-NAAF,Y-oxid-NAAF,N-deam-NAAF,K-meth-NAAF,R-meth-NAAF,Q-pyro-NAAF,K-acet-NAAF,AA-NAAF,AA-modifiable-NAAF,Cys. w/ carb.,Met. w/ oxid.,Lys. w/ oxid.,Pro. w/ oxid.,Arg. w/ oxid.,Tyr. w/ oxid.,Asn. w/ deam.,Lys. w/ meth.,Arg. w/ meth.,Glu. w/ pyro.,Lys. w/ acet.,Overall modified
329,2234.397410157271,1123.1883179626225,63.150623162553224,1623.5635307074867,1590.8820107478186,873.9702963907056,2359.1171684088145,685.6680952880031,237.60228296298402,819.1040475372996,2250.5082147413696,404.40819464506444,1505.5997743724424,2350.590498948918,488.81009292696547,687.228518474879,613.0107412067791,1195.4284736245522,1063.2389020737364,101.06788688832322,472.2574819120589,63.150623162553224,281.99749242194963,46.42777865954481,437.9062034570401,64.38080195345762,86.09076439146722,895.6179135141628,97.02714611530523,53.208581609050434,12.174536442399496,43.33470278396824,20508.395152983376,6727.998608817628,1.0,0.6973090460480145,0.05668117353239013,0.18629625349581422,0.09368179611686327,0.1822962423864754,0.5948578956764724,0.11845521506947125,0.07742487422834654,0.02490647517014042,0.05290500384445348,1.9748376595143988
