,NAAF,A-NAAF,C-NAAF,D-NAAF,E-NAAF,F-NAAF,G-NAAF,H-NAAF,I-NAAF,K-NAAF,L-NAAF,M-NAAF,N-NAAF,P-NAAF,Q-NAAF,R-NAAF,S-NAAF,T-NAAF,V-NAAF,W-NAAF,Y-NAAF,C-carb-NAAF,M-oxid-NAAF,K-oxid-NAAF,P-oxid-NAAF,R-oxid-NAAF,Y-oxid-NAAF,N-deam-NAAF,K-meth-NAAF,R-meth-NAAF,Q-pyro-NAAF,K-acet-NAAF,AA-NAAF,AA-modifiable-NAAF,Cys. w/ carb.,Met. w/ oxid.,Lys. w/ oxid.,Pro. w/ oxid.,Arg. w/ oxid.,Tyr. w/ oxid.,Asn. w/ deam.,Lys. w/ meth.,Arg. w/ meth.,Glu. w/ pyro.,Lys. w/ acet.,Overall modified
325,6201.8293469217715,3653.9884468169676,201.76132757234532,3237.922203518917,3860.357847897912,2401.155267481885,3817.527648496361,224.42380290808651,0.0,3306.020032561682,7327.849454325919,1831.03546875862,3652.7895068287294,3448.7513284292686,1033.5406691513465,4896.934239135509,1831.4240362344856,3602.387162667919,4070.5205553083692,630.599523841457,864.6493620155043,201.76132757234532,1042.6458139655024,278.33152093703853,548.622411590698,681.2690516400897,205.4802716965657,1388.15966836928,752.4907156431004,204.80205609685981,67.29469342332912,491.8381821630954,53893.63788395128,19033.720606880663,1.0,0.5694296105975385,0.08418930260424717,0.15907856477450572,0.13912154388259848,0.23764577957657843,0.3800272821015765,0.22761226738847984,0.041822504876646044,0.0651108325312304,0.14877047849646352,51.69122043721914
