,NAAF,A-NAAF,C-NAAF,D-NAAF,E-NAAF,F-NAAF,G-NAAF,H-NAAF,I-NAAF,K-NAAF,L-NAAF,M-NAAF,N-NAAF,P-NAAF,Q-NAAF,R-NAAF,S-NAAF,T-NAAF,V-NAAF,W-NAAF,Y-NAAF,C-carb-NAAF,M-oxid-NAAF,K-oxid-NAAF,P-oxid-NAAF,R-oxid-NAAF,Y-oxid-NAAF,N-deam-NAAF,K-meth-NAAF,R-meth-NAAF,Q-pyro-NAAF,K-acet-NAAF,AA-NAAF,AA-modifiable-NAAF,Cys. w/ carb.,Met. w/ oxid.,Lys. w/ oxid.,Pro. w/ oxid.,Arg. w/ oxid.,Tyr. w/ oxid.,Asn. w/ deam.,Lys. w/ meth.,Arg. w/ meth.,Glu. w/ pyro.,Lys. w/ acet.,Overall modified
331,2223.0871384045563,553.8312401611889,50.766914460782374,2192.4129928641864,1202.405554498893,648.2498143626162,2252.599354263603,1064.7182446056763,268.1820241259141,748.1464812439292,3844.515431487786,409.8484556768831,1548.3255921446225,3002.1273663562647,217.89390794582516,309.519344385858,290.53814084474317,728.9592350983099,741.34754001835,59.59737721433272,1072.6196685186092,50.766914460782374,181.08623891019263,29.01330378323081,193.5352640653468,21.234005803140583,32.48765932303456,1281.7660048767466,69.12380131242413,69.35471135805221,1.02551675985468,76.8307532756208,21206.604680278375,7308.480816271991,1.0,0.44183706538828016,0.03878024492608845,0.06446604039329751,0.06860316225233892,0.03028814432230498,0.8278400947318465,0.09239340563026278,0.22407229989345068,0.00470649578743456,0.10269480001814048,1.878637018739734
