,NAAF,A-NAAF,C-NAAF,D-NAAF,E-NAAF,F-NAAF,G-NAAF,H-NAAF,I-NAAF,K-NAAF,L-NAAF,M-NAAF,N-NAAF,P-NAAF,Q-NAAF,R-NAAF,S-NAAF,T-NAAF,V-NAAF,W-NAAF,Y-NAAF,C-carb-NAAF,M-oxid-NAAF,K-oxid-NAAF,P-oxid-NAAF,R-oxid-NAAF,Y-oxid-NAAF,N-deam-NAAF,K-meth-NAAF,R-meth-NAAF,Q-pyro-NAAF,K-acet-NAAF,AA-NAAF,AA-modifiable-NAAF,Cys. w/ carb.,Met. w/ oxid.,Lys. w/ oxid.,Pro. w/ oxid.,Arg. w/ oxid.,Tyr. w/ oxid.,Asn. w/ deam.,Lys. w/ meth.,Arg. w/ meth.,Glu. w/ pyro.,Lys. w/ acet.,Overall modified
330,3939.393727761877,1986.0265673379968,74.51535940363273,1618.230008319571,3915.3766615554573,928.4310738558407,2186.646239907547,503.7956214171954,0.0,2324.116948795933,5430.316670448714,1592.234501373278,2219.0987786339965,3426.9538043691564,933.1924338912128,1166.5448537772672,927.919123347098,2300.8053437110293,2884.0177343859423,140.75426175679738,399.12178056049726,74.51535940363273,1101.2908549683352,307.3593563771273,805.232385894232,82.23452049039629,82.55330751133481,825.9826150295733,435.06440097930204,197.84525643228238,158.60393622273162,348.4281170238395,34958.097766848165,12061.263101401339,1.0,0.6916637304483031,0.13224780127194655,0.2349703065350954,0.07049409221096066,0.20683739032082643,0.37221534389650773,0.18719557172228277,0.169599356417081,0.16995844636393712,0.14991849579873828,39.96195522100034
