,NAAF,A-NAAF,C-NAAF,D-NAAF,E-NAAF,F-NAAF,G-NAAF,H-NAAF,I-NAAF,K-NAAF,L-NAAF,M-NAAF,N-NAAF,P-NAAF,Q-NAAF,R-NAAF,S-NAAF,T-NAAF,V-NAAF,W-NAAF,Y-NAAF,C-carb-NAAF,M-oxid-NAAF,K-oxid-NAAF,P-oxid-NAAF,R-oxid-NAAF,Y-oxid-NAAF,N-deam-NAAF,K-meth-NAAF,R-meth-NAAF,Q-pyro-NAAF,K-acet-NAAF,AA-NAAF,AA-modifiable-NAAF,Cys. w/ carb.,Met. w/ oxid.,Lys. w/ oxid.,Pro. w/ oxid.,Arg. w/ oxid.,Tyr. w/ oxid.,Asn. w/ deam.,Lys. w/ meth.,Arg. w/ meth.,Glu. w/ pyro.,Lys. w/ acet.,Overall modified
323,1131.3174210415289,908.1988091050298,128.5054545904924,787.0682309068411,1229.5437811188588,210.93437077177668,915.0713030541547,87.10898114841062,676.119865201917,523.5508662531026,957.3710553332512,18.919296164350527,591.3982269077892,710.7715881879228,424.9936840886156,544.9877697767572,508.81739235921236,738.8646948064626,1129.4651590510964,50.82468388455808,106.25740250487226,128.5054545904924,16.840481577681743,1.5851958838677715,38.932754715271294,13.789816973756382,0.2294228834725612,1.7831634949906527,1.7784861926792943,0.3193566537938051,41.68534748790151,0.0,11248.772615215476,2920.8788338834097,1.0,0.8901219913991368,0.0030277781702712967,0.05477533902913654,0.02530298428422548,0.002159123769866682,0.003015165439900251,0.003396969248484659,0.0005859886615889066,0.09808462819228551,0.0,1.1694402586341501
