,NAAF,A-NAAF,C-NAAF,D-NAAF,E-NAAF,F-NAAF,G-NAAF,H-NAAF,I-NAAF,K-NAAF,L-NAAF,M-NAAF,N-NAAF,P-NAAF,Q-NAAF,R-NAAF,S-NAAF,T-NAAF,V-NAAF,W-NAAF,Y-NAAF,C-carb-NAAF,M-oxid-NAAF,K-oxid-NAAF,P-oxid-NAAF,R-oxid-NAAF,Y-oxid-NAAF,N-deam-NAAF,K-meth-NAAF,R-meth-NAAF,Q-pyro-NAAF,K-acet-NAAF,AA-NAAF,AA-modifiable-NAAF,Cys. w/ carb.,Met. w/ oxid.,Lys. w/ oxid.,Pro. w/ oxid.,Arg. w/ oxid.,Tyr. w/ oxid.,Asn. w/ deam.,Lys. w/ meth.,Arg. w/ meth.,Glu. w/ pyro.,Lys. w/ acet.,Overall modified
325,334.6927602267168,233.92517961778148,6.4744497617895505,272.9659008759441,336.86967482600863,113.74826568102144,365.2661965691393,65.24347006102295,271.81099830258444,94.0790270598081,311.836379955397,2.0578203800210004,301.53497372678925,113.95741261491504,80.16122933742099,215.09513277911788,76.67117058649012,125.04227536065396,215.19456068705784,21.809669894061138,44.85828650808934,6.4744497617895505,0.3967183244491404,0.10107812604750092,0.003108220939657852,0.0,0.07454104515921546,1.0525939814903802,0.0,0.0,0.007735519336496901,0.09568444853456523,3268.6020745851133,851.7438824061616,1.0,0.1927856912589678,0.0010743959541933117,2.727528528715507e-05,0.0,0.0016617006792217397,0.0034907857237286856,0.0,0.0,9.649950980586813e-05,0.0010170646054166411,0.016358875568832452
