,NAAF,A-NAAF,C-NAAF,D-NAAF,E-NAAF,F-NAAF,G-NAAF,H-NAAF,I-NAAF,K-NAAF,L-NAAF,M-NAAF,N-NAAF,P-NAAF,Q-NAAF,R-NAAF,S-NAAF,T-NAAF,V-NAAF,W-NAAF,Y-NAAF,C-carb-NAAF,M-oxid-NAAF,K-oxid-NAAF,P-oxid-NAAF,R-oxid-NAAF,Y-oxid-NAAF,N-deam-NAAF,K-meth-NAAF,R-meth-NAAF,Q-pyro-NAAF,K-acet-NAAF,AA-NAAF,AA-modifiable-NAAF,Cys. w/ carb.,Met. w/ oxid.,Lys. w/ oxid.,Pro. w/ oxid.,Arg. w/ oxid.,Tyr. w/ oxid.,Asn. w/ deam.,Lys. w/ meth.,Arg. w/ meth.,Glu. w/ pyro.,Lys. w/ acet.,Overall modified
322,6614.771916642197,4483.273061104921,222.04598094386478,1872.6094032470412,3238.356483443787,1296.8707419741495,3203.344205677043,493.11422215705255,620.6569586740907,2464.677611308871,8828.15367396633,1161.285586603073,4251.047950262717,4767.331043202992,905.8478316949477,4963.595835943136,5291.033125877316,4026.9364445363044,4907.572835328827,346.35563166808765,743.0845829386063,222.04598094386478,407.87333002510223,356.07241589167484,669.0113875162398,302.6744718285073,226.2111440183501,1127.1286285127371,310.86087199992846,74.27974966986919,7.815157019062139,279.56707948151023,58087.19321055316,19256.870441954343,1.0,0.35122568878013055,0.1444701790846317,0.14033247984112215,0.060978871332902536,0.30442179694238075,0.2651413584838722,0.12612638284763147,0.01496490691929095,0.008627450158421267,0.11342947174865832,3.481941674265153
