,NAAF,A-NAAF,C-NAAF,D-NAAF,E-NAAF,F-NAAF,G-NAAF,H-NAAF,I-NAAF,K-NAAF,L-NAAF,M-NAAF,N-NAAF,P-NAAF,Q-NAAF,R-NAAF,S-NAAF,T-NAAF,V-NAAF,W-NAAF,Y-NAAF,C-carb-NAAF,M-oxid-NAAF,K-oxid-NAAF,P-oxid-NAAF,R-oxid-NAAF,Y-oxid-NAAF,N-deam-NAAF,K-meth-NAAF,R-meth-NAAF,Q-pyro-NAAF,K-acet-NAAF,AA-NAAF,AA-modifiable-NAAF,Cys. w/ carb.,Met. w/ oxid.,Lys. w/ oxid.,Pro. w/ oxid.,Arg. w/ oxid.,Tyr. w/ oxid.,Asn. w/ deam.,Lys. w/ meth.,Arg. w/ meth.,Glu. w/ pyro.,Lys. w/ acet.,Overall modified
330,6252.706882813217,3596.0265673379968,74.51535940363273,3548.230008319571,6408.376661555458,1788.4310738558406,4698.646239907547,749.7956214171954,1126.0,3426.116948795933,7044.316670448714,1959.234501373278,2982.0987786339965,5224.953804369156,1733.1924338912127,1720.5448537772672,1726.9191233470979,3316.8053437110293,4559.017734385942,201.75426175679738,714.1217805604972,74.51535940363273,1226.0811686064524,314.24908658962363,854.5823457183621,116.47698683732699,83.35568258237005,826.797564115408,448.0415224762508,198.69871253881595,275.6699435771974,349.5581280027654,56599.097766848165,17760.26310140134,1.0,0.6257960278604019,0.09172164619192659,0.1635578758617449,0.06769773341370006,0.11672474478645108,0.27725358061215444,0.13077239603093804,0.1154859241841878,0.159053281209108,0.10202749445713269,4.343972695077261
