,NAAF,A-NAAF,C-NAAF,D-NAAF,E-NAAF,F-NAAF,G-NAAF,H-NAAF,I-NAAF,K-NAAF,L-NAAF,M-NAAF,N-NAAF,P-NAAF,Q-NAAF,R-NAAF,S-NAAF,T-NAAF,V-NAAF,W-NAAF,Y-NAAF,C-carb-NAAF,M-oxid-NAAF,K-oxid-NAAF,P-oxid-NAAF,R-oxid-NAAF,Y-oxid-NAAF,N-deam-NAAF,K-meth-NAAF,R-meth-NAAF,Q-pyro-NAAF,K-acet-NAAF,AA-NAAF,AA-modifiable-NAAF,Cys. w/ carb.,Met. w/ oxid.,Lys. w/ oxid.,Pro. w/ oxid.,Arg. w/ oxid.,Tyr. w/ oxid.,Asn. w/ deam.,Lys. w/ meth.,Arg. w/ meth.,Glu. w/ pyro.,Lys. w/ acet.,Overall modified
323,7133.308354722751,3881.416897574302,716.7139246268565,2424.3393477176423,5453.4443375625615,1180.0233550534235,3016.91768792161,516.1873397479964,676.119865201917,4373.144017248031,7278.985928858878,937.9503211189077,3051.3783416743936,5488.841207999946,1607.6972168774369,4461.16818824378,3855.640776362701,4570.723078614251,7470.273994610565,504.41465896041143,865.446460208332,716.7139246268565,620.6383011196506,465.5185108926559,989.98825960594,430.6885843886425,137.49993647785797,873.2839515500333,349.96915046058297,144.09690044560264,264.83439773772363,622.6780199356879,62330.82694618394,20785.625753370827,1.0,0.6616963469656617,0.10644938951395462,0.180363800316001,0.09654166043853883,0.15887746128715888,0.28619327194635363,0.08002689805784502,0.03230026180706023,0.16472902668333309,0.1423868085477624,4.276547949824427
