,NAAF,A-NAAF,C-NAAF,D-NAAF,E-NAAF,F-NAAF,G-NAAF,H-NAAF,I-NAAF,K-NAAF,L-NAAF,M-NAAF,N-NAAF,P-NAAF,Q-NAAF,R-NAAF,S-NAAF,T-NAAF,V-NAAF,W-NAAF,Y-NAAF,C-carb-NAAF,M-oxid-NAAF,K-oxid-NAAF,P-oxid-NAAF,R-oxid-NAAF,Y-oxid-NAAF,N-deam-NAAF,K-meth-NAAF,R-meth-NAAF,Q-pyro-NAAF,K-acet-NAAF,AA-NAAF,AA-modifiable-NAAF,Cys. w/ carb.,Met. w/ oxid.,Lys. w/ oxid.,Pro. w/ oxid.,Arg. w/ oxid.,Tyr. w/ oxid.,Asn. w/ deam.,Lys. w/ meth.,Arg. w/ meth.,Glu. w/ pyro.,Lys. w/ acet.,Overall modified
323,6001.990933681222,2973.218088469272,588.2084700363641,1637.2711168108015,4223.900556443703,969.0889842816467,2101.8463848674555,429.0783585995857,0.0,3849.593150994928,6321.6148735256265,919.0310249545572,2459.9801147666044,4778.069619812023,1182.7035327888213,3916.1804184670227,3346.8233840034886,3831.858383807788,6340.808835559468,453.5899750758534,759.1890577034598,588.2084700363641,603.7978195419688,463.93331500878816,951.0555048906688,416.8987674148861,137.27051359438542,871.5007880550427,348.1906642679037,143.77754379180882,223.14905024982212,622.6780199356879,51082.05433096847,17864.746919487417,1.0,0.656993945957183,0.12051489516207305,0.19904597056249776,0.10645545477143259,0.18081202857378836,0.35427147675855425,0.09044869174757175,0.036713718069222696,0.1886770809956367,0.16175164374831577,41.5960882194212
