,NAAF,A-NAAF,C-NAAF,D-NAAF,E-NAAF,F-NAAF,G-NAAF,H-NAAF,I-NAAF,K-NAAF,L-NAAF,M-NAAF,N-NAAF,P-NAAF,Q-NAAF,R-NAAF,S-NAAF,T-NAAF,V-NAAF,W-NAAF,Y-NAAF,C-carb-NAAF,M-oxid-NAAF,K-oxid-NAAF,P-oxid-NAAF,R-oxid-NAAF,Y-oxid-NAAF,N-deam-NAAF,K-meth-NAAF,R-meth-NAAF,Q-pyro-NAAF,K-acet-NAAF,AA-NAAF,AA-modifiable-NAAF,Cys. w/ carb.,Met. w/ oxid.,Lys. w/ oxid.,Pro. w/ oxid.,Arg. w/ oxid.,Tyr. w/ oxid.,Asn. w/ deam.,Lys. w/ meth.,Arg. w/ meth.,Glu. w/ pyro.,Lys. w/ acet.,Overall modified
322,6614.771916642197,4340.423045978708,311.08391165793887,2009.170186009378,3196.675259192958,1420.6989376395663,3489.1632997654388,473.96882237330294,539.0,2696.3019296344955,8558.361032555938,1213.822365276357,3898.9764746746832,4840.163591421336,1034.3140302293928,4795.231173832812,5212.363198926165,3971.563961363366,4843.548563827221,384.45756496115257,924.2644230021314,222.04598094386478,407.87333002510223,356.07241589167484,669.0113875162398,302.6744718285073,226.2111440183501,1127.1286285127371,310.86087199992846,74.27974966986919,7.815157019062139,279.56707948151023,58153.55177232234,19403.073988071206,0.7137816281158947,0.3360239040679067,0.1320595486648423,0.1382208214412401,0.06311989158732897,0.24474721561129315,0.2890832083327152,0.11529156604582042,0.015490337582723388,0.007555884180869976,0.10368537603628378,3.4819415648726175
