,NAAF,A-NAAF,C-NAAF,D-NAAF,E-NAAF,F-NAAF,G-NAAF,H-NAAF,I-NAAF,K-NAAF,L-NAAF,M-NAAF,N-NAAF,P-NAAF,Q-NAAF,R-NAAF,S-NAAF,T-NAAF,V-NAAF,W-NAAF,Y-NAAF,C-carb-NAAF,M-oxid-NAAF,K-oxid-NAAF,P-oxid-NAAF,R-oxid-NAAF,Y-oxid-NAAF,N-deam-NAAF,K-meth-NAAF,R-meth-NAAF,Q-pyro-NAAF,K-acet-NAAF,AA-NAAF,AA-modifiable-NAAF,Cys. w/ carb.,Met. w/ oxid.,Lys. w/ oxid.,Pro. w/ oxid.,Arg. w/ oxid.,Tyr. w/ oxid.,Asn. w/ deam.,Lys. w/ meth.,Arg. w/ meth.,Glu. w/ pyro.,Lys. w/ acet.,Overall modified
329,238.20623526766732,154.71647176165618,0.0,309.4608447520898,188.45147001067716,76.99208181250981,398.14543252245596,96.19583758853577,237.60228296298402,62.7171557518585,134.00941245853366,3.3934298158323646,99.2326731506578,244.05424376733714,97.81662717041124,73.79382709174259,67.54607276678922,106.97170154021414,166.7241361129138,1.6365377016304283,40.539761261170376,0.0,0.29510211232326666,0.0,3.0195891205678898,0.4718620700488456,0.0091985726955074,0.1663839462046105,0.08945816056721823,0.0,1.41858220436696,0.0,2560.0000000000005,621.54771800901,,0.0869627864252386,0.0,0.012372614685801316,0.006394329832795001,0.00022690248805973948,0.0016767052717808152,0.0014263746417513092,0.0,0.014502464922406056,0.0,0.054701761867742976
