,NAAF,A-NAAF,C-NAAF,D-NAAF,E-NAAF,F-NAAF,G-NAAF,H-NAAF,I-NAAF,K-NAAF,L-NAAF,M-NAAF,N-NAAF,P-NAAF,Q-NAAF,R-NAAF,S-NAAF,T-NAAF,V-NAAF,W-NAAF,Y-NAAF,C-carb-NAAF,M-oxid-NAAF,K-oxid-NAAF,P-oxid-NAAF,R-oxid-NAAF,Y-oxid-NAAF,N-deam-NAAF,K-meth-NAAF,R-meth-NAAF,Q-pyro-NAAF,K-acet-NAAF,AA-NAAF,AA-modifiable-NAAF,Cys. w/ carb.,Met. w/ oxid.,Lys. w/ oxid.,Pro. w/ oxid.,Arg. w/ oxid.,Tyr. w/ oxid.,Asn. w/ deam.,Lys. w/ meth.,Arg. w/ meth.,Glu. w/ pyro.,Lys. w/ acet.,Overall modified
323,7133.308354722751,3901.218088469272,734.2084700363641,2567.2711168108017,5371.900556443703,1294.0889842816468,3279.8463848674555,523.0783585995857,645.0,4489.593150994928,7061.6148735256265,977.0310249545572,2917.9801147666044,5506.069619812023,1555.7035327888213,4343.180418467023,3931.8233840034886,4487.858383807788,7179.808835559468,529.5899750758533,1003.1890577034598,716.7139246268565,620.6383011196506,465.5185108926559,989.98825960594,430.6885843886425,137.49993647785797,873.2839515500333,349.96915046058297,144.09690044560264,264.83439773772363,622.6780199356879,62300.05433096847,20792.746919487417,0.9761722370096859,0.6352288568815071,0.10368835109023042,0.17979944460632122,0.09916433187011355,0.13706283518744541,0.29927686865675684,0.07795119483889697,0.03317773763965886,0.17023449015569828,0.13869364082527116,4.276547939564608
