,NAAF,A-NAAF,C-NAAF,D-NAAF,E-NAAF,F-NAAF,G-NAAF,H-NAAF,I-NAAF,K-NAAF,L-NAAF,M-NAAF,N-NAAF,P-NAAF,Q-NAAF,R-NAAF,S-NAAF,T-NAAF,V-NAAF,W-NAAF,Y-NAAF,C-carb-NAAF,M-oxid-NAAF,K-oxid-NAAF,P-oxid-NAAF,R-oxid-NAAF,Y-oxid-NAAF,N-deam-NAAF,K-meth-NAAF,R-meth-NAAF,Q-pyro-NAAF,K-acet-NAAF,AA-NAAF,AA-modifiable-NAAF,Cys. w/ carb.,Met. w/ oxid.,Lys. w/ oxid.,Pro. w/ oxid.,Arg. w/ oxid.,Tyr. w/ oxid.,Asn. w/ deam.,Lys. w/ meth.,Arg. w/ meth.,Glu. w/ pyro.,Lys. w/ acet.,Overall modified
331,229.47780944461982,85.25452349643163,0.006299381762101802,418.0882939945147,165.11847883520468,71.62191151299109,275.3753684302121,107.87661634631584,268.1820241259141,61.329375093001474,161.43393901882834,9.788333986585414,54.68309571697336,266.71104300306916,47.90091913525254,50.88948376721714,47.07964408275207,69.27627198290375,106.1478365151939,6.364837032872992,97.87130761107029,0.006299381762101802,2.863178519372439,0.0,0.14114601589953135,0.27664479863852603,0.10309894369323797,0.10670475385152324,0.0,0.0,0.07380541177972227,0.0,2370.999603069067,589.1735583131695,1.0,0.2925092792395856,0.0,0.0005292094932038757,0.0054361879539587665,0.0010534133671018448,0.0019513297931009895,0.0,0.0,0.0015407932271889412,0.0,0.0356457844323498
