,NAAF,A-NAAF,C-NAAF,D-NAAF,E-NAAF,F-NAAF,G-NAAF,H-NAAF,I-NAAF,K-NAAF,L-NAAF,M-NAAF,N-NAAF,P-NAAF,Q-NAAF,R-NAAF,S-NAAF,T-NAAF,V-NAAF,W-NAAF,Y-NAAF,C-carb-NAAF,M-oxid-NAAF,K-oxid-NAAF,P-oxid-NAAF,R-oxid-NAAF,Y-oxid-NAAF,N-deam-NAAF,K-meth-NAAF,R-meth-NAAF,Q-pyro-NAAF,K-acet-NAAF,AA-NAAF,AA-modifiable-NAAF,Cys. w/ carb.,Met. w/ oxid.,Lys. w/ oxid.,Pro. w/ oxid.,Arg. w/ oxid.,Tyr. w/ oxid.,Asn. w/ deam.,Lys. w/ meth.,Arg. w/ meth.,Glu. w/ pyro.,Lys. w/ acet.,Overall modified
332,2264.7298878146576,904.6674725005223,19.133143902597705,1621.9759281351435,995.4664563213781,456.93851684419855,2350.739640528309,913.545673005607,0.0,1286.4421739651325,4123.222150944068,368.82343739086576,1542.08141560896,3009.0125423284044,324.40711883870466,450.2025780572682,399.54385576128885,752.0814878884132,1299.4355644650418,114.24292476368834,891.3158913856586,19.133143902597705,95.9644749682992,150.63663913081467,358.18170151371834,45.75027186888806,31.008604501502568,1144.0423607557618,153.88311759888109,75.83534356637614,3.6518892666485203,162.1918723377197,21823.277972635253,7872.285157574995,1.0,0.26019082639425517,0.11709553851652371,0.11903629395860002,0.10162152350684313,0.03478969106373267,0.7418819455158179,0.11961914862024098,0.16844715526424522,0.011257118153637809,0.12607785691431764,20.589750060668848
