,NAAF,A-NAAF,C-NAAF,D-NAAF,E-NAAF,F-NAAF,G-NAAF,H-NAAF,I-NAAF,K-NAAF,L-NAAF,M-NAAF,N-NAAF,P-NAAF,Q-NAAF,R-NAAF,S-NAAF,T-NAAF,V-NAAF,W-NAAF,Y-NAAF,C-carb-NAAF,M-oxid-NAAF,K-oxid-NAAF,P-oxid-NAAF,R-oxid-NAAF,Y-oxid-NAAF,N-deam-NAAF,K-meth-NAAF,R-meth-NAAF,Q-pyro-NAAF,K-acet-NAAF,AA-NAAF,AA-modifiable-NAAF,Cys. w/ carb.,Met. w/ oxid.,Lys. w/ oxid.,Pro. w/ oxid.,Arg. w/ oxid.,Tyr. w/ oxid.,Asn. w/ deam.,Lys. w/ meth.,Arg. w/ meth.,Glu. w/ pyro.,Lys. w/ acet.,Overall modified
331,1993.6093289599364,468.5767166647573,50.76061507902027,1774.3246988696717,1037.2870756636883,576.6279028496251,1977.2239858333908,956.8416282593604,0.0,686.8171061509278,3683.0814924689575,400.06012169029765,1493.6424964276491,2735.4163233531954,169.99298881057263,258.62986061864086,243.45849676199109,659.6829631154062,635.199703503156,53.232540181459726,974.7483609075388,50.76061507902027,178.2230603908202,29.01330378323081,193.3941180494473,20.957361004502058,32.38456037934132,1281.659300122895,69.12380131242413,69.35471135805221,0.9517113480749576,76.8307532756208,18835.605077209308,6719.307257958822,1.0,0.44549069184353673,0.04224312924561193,0.07070006726156264,0.08103225572782738,0.03322350842343526,0.85807634905156,0.10064368038211648,0.26816204127456983,0.005598532943823189,0.1118649384057963,18.75073362075323
