,NAAF,A-NAAF,C-NAAF,D-NAAF,E-NAAF,F-NAAF,G-NAAF,H-NAAF,I-NAAF,K-NAAF,L-NAAF,M-NAAF,N-NAAF,P-NAAF,Q-NAAF,R-NAAF,S-NAAF,T-NAAF,V-NAAF,W-NAAF,Y-NAAF,C-carb-NAAF,M-oxid-NAAF,K-oxid-NAAF,P-oxid-NAAF,R-oxid-NAAF,Y-oxid-NAAF,N-deam-NAAF,K-meth-NAAF,R-meth-NAAF,Q-pyro-NAAF,K-acet-NAAF,AA-NAAF,AA-modifiable-NAAF,Cys. w/ carb.,Met. w/ oxid.,Lys. w/ oxid.,Pro. w/ oxid.,Arg. w/ oxid.,Tyr. w/ oxid.,Asn. w/ deam.,Lys. w/ meth.,Arg. w/ meth.,Glu. w/ pyro.,Lys. w/ acet.,Overall modified
332,2317.3992543828426,948.6674725005223,19.133143902597705,1670.9759281351435,1030.4664563213782,479.93851684419855,2438.739640528309,932.545673005607,49.0,1308.4421739651325,4169.222150944068,378.82343739086576,1561.08141560896,3049.0125423284044,336.40711883870466,462.2025780572682,412.54385576128885,765.0814878884132,1342.4355644650418,119.24292476368834,902.3158913856586,19.133143902597705,96.55692989501671,150.6668932182173,358.18170151371834,45.75027186888806,31.008604501502568,1144.0423607557618,153.9133716862837,75.83534356637614,3.6641402292633365,162.1918723377197,22376.277972635253,7998.285157574995,1.0,0.25488636753852784,0.11514982948129299,0.11747465664414415,0.09898316028695857,0.03436557506915191,0.7328524632454765,0.11763100788769379,0.1640738221001007,0.010891981840075633,0.12395799796502265,2.0596398955658377
