,NAAF,A-NAAF,C-NAAF,D-NAAF,E-NAAF,F-NAAF,G-NAAF,H-NAAF,I-NAAF,K-NAAF,L-NAAF,M-NAAF,N-NAAF,P-NAAF,Q-NAAF,R-NAAF,S-NAAF,T-NAAF,V-NAAF,W-NAAF,Y-NAAF,C-carb-NAAF,M-oxid-NAAF,K-oxid-NAAF,P-oxid-NAAF,R-oxid-NAAF,Y-oxid-NAAF,N-deam-NAAF,K-meth-NAAF,R-meth-NAAF,Q-pyro-NAAF,K-acet-NAAF,AA-NAAF,AA-modifiable-NAAF,Cys. w/ carb.,Met. w/ oxid.,Lys. w/ oxid.,Pro. w/ oxid.,Arg. w/ oxid.,Tyr. w/ oxid.,Asn. w/ deam.,Lys. w/ meth.,Arg. w/ meth.,Glu. w/ pyro.,Lys. w/ acet.,Overall modified
330,2313.31315505134,1343.0737696932933,0.0,1872.3806436797074,2886.464248973296,792.9603913833383,2129.644477961838,400.21026712877466,1034.57107073225,1092.0411982923422,2211.3584226626317,258.11040444470376,917.153623447948,1618.1430480984964,830.3457361889397,715.1343645507436,696.0826999697721,1049.4193415168538,1532.3952369786316,26.159007356911406,172.2753636819177,0.0,124.79031363811724,6.889730212496313,49.349959824130096,34.2424663469307,0.8023750710352467,0.8149490858348153,12.977121496948788,0.8534561065335711,117.06600735446577,1.1300109789258903,21577.923316742395,5603.203738705091,,0.48347649489988564,0.0063090387279069625,0.030497896883790315,0.04788256311587298,0.004657514887135689,0.0008885633387906108,0.011883362566578537,0.0011934206337150682,0.1409846552494709,0.0010347695496222328,3.477865808087914
