,NAAF,A-NAAF,C-NAAF,D-NAAF,E-NAAF,F-NAAF,G-NAAF,H-NAAF,I-NAAF,K-NAAF,L-NAAF,M-NAAF,N-NAAF,P-NAAF,Q-NAAF,R-NAAF,S-NAAF,T-NAAF,V-NAAF,W-NAAF,Y-NAAF,C-carb-NAAF,M-oxid-NAAF,K-oxid-NAAF,P-oxid-NAAF,R-oxid-NAAF,Y-oxid-NAAF,N-deam-NAAF,K-meth-NAAF,R-meth-NAAF,Q-pyro-NAAF,K-acet-NAAF,AA-NAAF,AA-modifiable-NAAF,Cys. w/ carb.,Met. w/ oxid.,Lys. w/ oxid.,Pro. w/ oxid.,Arg. w/ oxid.,Tyr. w/ oxid.,Asn. w/ deam.,Lys. w/ meth.,Arg. w/ meth.,Glu. w/ pyro.,Lys. w/ acet.,Overall modified
324,4500.043881659767,2680.657714292475,206.67657568339,1650.4792662562934,3023.73135530818,1531.0131239608206,2925.7570712885195,235.5400570113572,0.0,2391.5925004948513,5784.175802822358,1152.9991380378665,3367.321698151211,3104.072611580463,724.8708111050955,3240.261317667692,1073.9690165906702,2185.74552920784,2190.8759963227967,293.43198410197664,1234.772900705764,206.67657568339,416.09601526758416,255.4999814396653,482.4968909671002,476.57104509624116,437.81316310398034,1674.9815105122525,111.15701457927784,106.28634483946527,26.73053883690261,305.92931969191096,38997.94447058962,15215.890977742942,1.0,0.36088146256178627,0.10683257343665323,0.15543994981529544,0.1470779663657721,0.35456978595313987,0.4974224801366266,0.04647824182266754,0.03280178183775904,0.0368762797830841,0.12791866491829618,39.87652610551492
