,NAAF,A-NAAF,C-NAAF,D-NAAF,E-NAAF,F-NAAF,G-NAAF,H-NAAF,I-NAAF,K-NAAF,L-NAAF,M-NAAF,N-NAAF,P-NAAF,Q-NAAF,R-NAAF,S-NAAF,T-NAAF,V-NAAF,W-NAAF,Y-NAAF,C-carb-NAAF,M-oxid-NAAF,K-oxid-NAAF,P-oxid-NAAF,R-oxid-NAAF,Y-oxid-NAAF,N-deam-NAAF,K-meth-NAAF,R-meth-NAAF,Q-pyro-NAAF,K-acet-NAAF,AA-NAAF,AA-modifiable-NAAF,Cys. w/ carb.,Met. w/ oxid.,Lys. w/ oxid.,Pro. w/ oxid.,Arg. w/ oxid.,Tyr. w/ oxid.,Asn. w/ deam.,Lys. w/ meth.,Arg. w/ meth.,Glu. w/ pyro.,Lys. w/ acet.,Overall modified
324,584.2817656475064,376.1309297718172,13.191599770592596,539.0333984805933,577.390813921278,243.405678839488,557.256446334762,126.87057924145046,515.5551537132728,195.22823585336332,487.1763436820584,4.422767236117915,354.81115590580765,213.3299974678866,140.72945029082487,312.009246721725,139.7693618513299,297.9836664054068,304.8730912492959,29.35240105763087,105.14243999876221,13.191599770592596,1.0512379986878426,0.06829210704241948,0.17375060522966726,0.01323427507123166,0.1421800260087326,1.3293520363571545,0.4932780931575969,0.0,0.013008742094557641,0.06683714870330001,5533.662757793463,1325.6732934744875,1.0,0.23768784169853058,0.000349806505928343,0.0008144686977546259,4.241629121663517e-05,0.001352261047112911,0.003746646671701777,0.002526673926040596,0.0,9.243795145702898e-05,0.00034235390393785897,0.03284384301160841
