,NAAF,A-NAAF,C-NAAF,D-NAAF,E-NAAF,F-NAAF,G-NAAF,H-NAAF,I-NAAF,K-NAAF,L-NAAF,M-NAAF,N-NAAF,P-NAAF,Q-NAAF,R-NAAF,S-NAAF,T-NAAF,V-NAAF,W-NAAF,Y-NAAF,C-carb-NAAF,M-oxid-NAAF,K-oxid-NAAF,P-oxid-NAAF,R-oxid-NAAF,Y-oxid-NAAF,N-deam-NAAF,K-meth-NAAF,R-meth-NAAF,Q-pyro-NAAF,K-acet-NAAF,AA-NAAF,AA-modifiable-NAAF,Cys. w/ carb.,Met. w/ oxid.,Lys. w/ oxid.,Pro. w/ oxid.,Arg. w/ oxid.,Tyr. w/ oxid.,Asn. w/ deam.,Lys. w/ meth.,Arg. w/ meth.,Glu. w/ pyro.,Lys. w/ acet.,Overall modified
329,1996.1911748896039,968.4718462009662,63.150623162553224,1314.102685955397,1402.4305407371414,796.9782145781958,1960.9717358863586,589.4722576994673,0.0,756.3868917854411,2116.498802282836,401.0147648292321,1406.3671012217847,2106.536255181581,390.9934657565542,613.4346913831364,545.46466843999,1088.4567720843381,896.5147659608226,99.43134918669278,431.7177206508885,63.150623162553224,281.70239030962637,46.42777865954481,434.8866143364722,63.90893988340878,86.08156581877171,895.4515295679581,96.93768795473801,53.208581609050434,10.755954238032537,43.33470278396824,17948.395152983376,6106.450890808618,1.0,0.7024738613541732,0.061380993197743906,0.20644629935362088,0.10418214160550761,0.19939317220749933,0.6367125118257051,0.12815886817646707,0.08673878793695032,0.02750929409324083,0.05729171572722163,19.6936813892248
