,NAAF,A-NAAF,C-NAAF,D-NAAF,E-NAAF,F-NAAF,G-NAAF,H-NAAF,I-NAAF,K-NAAF,L-NAAF,M-NAAF,N-NAAF,P-NAAF,Q-NAAF,R-NAAF,S-NAAF,T-NAAF,V-NAAF,W-NAAF,Y-NAAF,C-carb-NAAF,M-oxid-NAAF,K-oxid-NAAF,P-oxid-NAAF,R-oxid-NAAF,Y-oxid-NAAF,N-deam-NAAF,K-meth-NAAF,R-meth-NAAF,Q-pyro-NAAF,K-acet-NAAF,AA-NAAF,AA-modifiable-NAAF,Cys. w/ carb.,Met. w/ oxid.,Lys. w/ oxid.,Pro. w/ oxid.,Arg. w/ oxid.,Tyr. w/ oxid.,Asn. w/ deam.,Lys. w/ meth.,Arg. w/ meth.,Glu. w/ pyro.,Lys. w/ acet.,Overall modified
330,6252.706882813217,3329.10033703129,74.51535940363273,3490.610651999278,6801.840910528754,1721.391465239179,4316.290717869386,904.00588854597,1034.57107073225,3416.1581470882747,7641.675093111346,1850.3449058179817,3136.2524020819446,5045.096852467653,1763.5381700801524,1881.6792183280108,1624.00182331687,3350.224685227883,4416.412971364574,166.9132691137088,571.3971442424149,74.51535940363273,1226.0811686064524,314.24908658962363,854.5823457183621,116.47698683732699,83.35568258237005,826.797564115408,448.0415224762508,198.69871253881595,275.6699435771974,349.5581280027654,56536.021083590545,17664.466840106434,1.0,0.662623041115915,0.09198903360415864,0.1693886897930155,0.06190055441055678,0.14588046759121787,0.2636259644046995,0.13115362438888672,0.10559648563019798,0.15631640315710787,0.10232492553095279,4.343972801815008
