,NAAF,A-NAAF,C-NAAF,D-NAAF,E-NAAF,F-NAAF,G-NAAF,H-NAAF,I-NAAF,K-NAAF,L-NAAF,M-NAAF,N-NAAF,P-NAAF,Q-NAAF,R-NAAF,S-NAAF,T-NAAF,V-NAAF,W-NAAF,Y-NAAF,C-carb-NAAF,M-oxid-NAAF,K-oxid-NAAF,P-oxid-NAAF,R-oxid-NAAF,Y-oxid-NAAF,N-deam-NAAF,K-meth-NAAF,R-meth-NAAF,Q-pyro-NAAF,K-acet-NAAF,AA-NAAF,AA-modifiable-NAAF,Cys. w/ carb.,Met. w/ oxid.,Lys. w/ oxid.,Pro. w/ oxid.,Arg. w/ oxid.,Tyr. w/ oxid.,Asn. w/ deam.,Lys. w/ meth.,Arg. w/ meth.,Glu. w/ pyro.,Lys. w/ acet.,Overall modified
329,2234.397410157271,1126.4718462009662,63.150623162553224,1568.102685955397,1603.4305407371414,869.9782145781958,2371.9717358863586,659.4722576994673,177.0,837.3868917854411,2255.498802282836,429.0147648292321,1516.3671012217847,2399.536255181581,494.9934657565542,682.4346913831364,608.46466843999,1213.4567720843381,1052.5147659608226,113.43134918669278,472.7177206508885,63.150623162553224,281.99749242194963,46.42777865954481,437.9062034570401,64.38080195345762,86.09076439146722,895.6179135141628,97.02714611530523,53.208581609050434,12.174536442399496,43.33470278396824,20515.395152983372,6832.450890808618,1.0,0.6573141894876224,0.055443641541311275,0.1824961812981243,0.09433987276199676,0.18211875846949044,0.5906339650817637,0.11586895742830179,0.07796875258672593,0.024595347786645592,0.051749917760919105,1.9748375610472546
