,NAAF,A-NAAF,C-NAAF,D-NAAF,E-NAAF,F-NAAF,G-NAAF,H-NAAF,I-NAAF,K-NAAF,L-NAAF,M-NAAF,N-NAAF,P-NAAF,Q-NAAF,R-NAAF,S-NAAF,T-NAAF,V-NAAF,W-NAAF,Y-NAAF,C-carb-NAAF,M-oxid-NAAF,K-oxid-NAAF,P-oxid-NAAF,R-oxid-NAAF,Y-oxid-NAAF,N-deam-NAAF,K-meth-NAAF,R-meth-NAAF,Q-pyro-NAAF,K-acet-NAAF,AA-NAAF,AA-modifiable-NAAF,Cys. w/ carb.,Met. w/ oxid.,Lys. w/ oxid.,Pro. w/ oxid.,Arg. w/ oxid.,Tyr. w/ oxid.,Asn. w/ deam.,Lys. w/ meth.,Arg. w/ meth.,Glu. w/ pyro.,Lys. w/ acet.,Overall modified
324,5084.325647307273,3056.788644064292,219.86817545398262,2189.5126647368866,3601.122169229458,1774.4188028003086,3483.0135176232816,362.41063625280765,515.5551537132728,2586.8207363482147,6271.352146504416,1157.4219052739843,3722.1328540570184,3317.40260904835,865.6002613959204,3552.270564389417,1213.738378442,2483.7291956132467,2495.749087572093,322.7843851596075,1339.9153407045262,219.86817545398262,417.147253266272,255.56827354670773,482.6706415723299,476.5842793713124,437.9553431299891,1676.3108625486097,111.65029267243544,106.28634483946527,26.74354757899717,305.9961568406143,44531.60722838307,16541.56427121743,1.0,0.3604107122609928,0.09879628300316262,0.14549655210851592,0.13416328253510448,0.32685299572711257,0.45036298495403754,0.043161202128776374,0.029920678313459022,0.030895955987662104,0.11829043757882719,3.99093533714885
