,NAAF,A-NAAF,C-NAAF,D-NAAF,E-NAAF,F-NAAF,G-NAAF,H-NAAF,I-NAAF,K-NAAF,L-NAAF,M-NAAF,N-NAAF,P-NAAF,Q-NAAF,R-NAAF,S-NAAF,T-NAAF,V-NAAF,W-NAAF,Y-NAAF,C-carb-NAAF,M-oxid-NAAF,K-oxid-NAAF,P-oxid-NAAF,R-oxid-NAAF,Y-oxid-NAAF,N-deam-NAAF,K-meth-NAAF,R-meth-NAAF,Q-pyro-NAAF,K-acet-NAAF,AA-NAAF,AA-modifiable-NAAF,Cys. w/ carb.,Met. w/ oxid.,Lys. w/ oxid.,Pro. w/ oxid.,Arg. w/ oxid.,Tyr. w/ oxid.,Asn. w/ deam.,Lys. w/ meth.,Arg. w/ meth.,Glu. w/ pyro.,Lys. w/ acet.,Overall modified
322,5762.920456063608,3749.4230459787077,199.08391165793887,1395.170186009378,2571.675259192958,1113.6989376395663,2510.1632997654388,341.96882237330294,0.0,2294.3019296344955,7927.3610325559375,1152.822365276357,3484.9764746746832,4324.163591421336,743.3140302293928,4418.231173832812,4734.363198926165,3554.563961363366,4348.548563827221,310.45756496115257,677.2644230021314,199.08391165793887,405.9619273284796,356.0572553528986,666.3998867958876,302.3211842739218,226.0797864666675,1125.7146796039267,309.91725133244097,74.18480735057805,7.43673167502426,279.56707948151023,49851.55177232234,17095.073988071206,1.0,0.3521461237709086,0.15519197833287007,0.15411070203679425,0.06842584110682882,0.33381317368556956,0.3230193052333331,0.13508128434595956,0.0167906124491496,0.010004831568602605,0.12185278487999528,34.740898638428554
