,NAAF,A-NAAF,C-NAAF,D-NAAF,E-NAAF,F-NAAF,G-NAAF,H-NAAF,I-NAAF,K-NAAF,L-NAAF,M-NAAF,N-NAAF,P-NAAF,Q-NAAF,R-NAAF,S-NAAF,T-NAAF,V-NAAF,W-NAAF,Y-NAAF,C-carb-NAAF,M-oxid-NAAF,K-oxid-NAAF,P-oxid-NAAF,R-oxid-NAAF,Y-oxid-NAAF,N-deam-NAAF,K-meth-NAAF,R-meth-NAAF,Q-pyro-NAAF,K-acet-NAAF,AA-NAAF,AA-modifiable-NAAF,Cys. w/ carb.,Met. w/ oxid.,Lys. w/ oxid.,Pro. w/ oxid.,Arg. w/ oxid.,Tyr. w/ oxid.,Asn. w/ deam.,Lys. w/ meth.,Arg. w/ meth.,Glu. w/ pyro.,Lys. w/ acet.,Overall modified
324,5084.325647307273,3067.657714292475,245.67657568339,2076.479266256293,3396.73135530818,1805.0131239608206,3674.7570712885195,329.5400570113572,377.0,2650.5925004948513,6199.175802822358,1184.9991380378665,3650.321698151211,3447.072611580463,917.8708111050955,3480.261317667692,1342.9690165906702,2466.74552920784,2493.8759963227967,355.43198410197664,1400.772900705764,219.86817545398262,417.147253266272,255.56827354670773,482.6706415723299,476.5842793713124,437.9553431299891,1676.3108625486097,111.65029267243544,106.28634483946527,26.74354757899717,305.9961568406143,44562.94447058962,16731.89097774294,0.8949496908379765,0.352023254596614,0.09641930002404915,0.1400233461722839,0.13693922262443697,0.3126526383465372,0.45922277573442793,0.042122767891175625,0.03053975984501457,0.029136505110995466,0.11544443620944617,3.990935126725417
