,NAAF,A-NAAF,C-NAAF,D-NAAF,E-NAAF,F-NAAF,G-NAAF,H-NAAF,I-NAAF,K-NAAF,L-NAAF,M-NAAF,N-NAAF,P-NAAF,Q-NAAF,R-NAAF,S-NAAF,T-NAAF,V-NAAF,W-NAAF,Y-NAAF,C-carb-NAAF,M-oxid-NAAF,K-oxid-NAAF,P-oxid-NAAF,R-oxid-NAAF,Y-oxid-NAAF,N-deam-NAAF,K-meth-NAAF,R-meth-NAAF,Q-pyro-NAAF,K-acet-NAAF,AA-NAAF,AA-modifiable-NAAF,Cys. w/ carb.,Met. w/ oxid.,Lys. w/ oxid.,Pro. w/ oxid.,Arg. w/ oxid.,Tyr. w/ oxid.,Asn. w/ deam.,Lys. w/ meth.,Arg. w/ meth.,Glu. w/ pyro.,Lys. w/ acet.,Overall modified
325,6536.522107148488,3892.9884468169676,224.76132757234532,3485.922203518917,4084.357847897912,2568.155267481885,4241.5276484963615,286.4238029080865,217.0,3446.020032561682,7588.849454325919,1853.03546875862,3821.7895068287294,3650.7513284292686,1156.5406691513465,5034.934239135509,1968.4240362344856,3747.387162667919,4267.520555308369,669.599523841457,964.6493620155043,208.23577733413487,1043.0425322899516,278.43259906308606,548.6255198116377,681.2690516400897,205.5548127417249,1389.2122623507705,752.4907156431004,204.80205609685981,67.30242894266561,491.9338666116299,57170.637883951276,19927.720606880663,0.9264751173313333,0.5628831988783807,0.08079831122052604,0.1502774279747186,0.13530843091151526,0.21308759517784362,0.3634978482903211,0.21836515996214867,0.04067621271097754,0.0581928770322026,0.14275420977339445,5.170756664487339
