,NAAF,A-NAAF,C-NAAF,D-NAAF,E-NAAF,F-NAAF,G-NAAF,H-NAAF,I-NAAF,K-NAAF,L-NAAF,M-NAAF,N-NAAF,P-NAAF,Q-NAAF,R-NAAF,S-NAAF,T-NAAF,V-NAAF,W-NAAF,Y-NAAF,C-carb-NAAF,M-oxid-NAAF,K-oxid-NAAF,P-oxid-NAAF,R-oxid-NAAF,Y-oxid-NAAF,N-deam-NAAF,K-meth-NAAF,R-meth-NAAF,Q-pyro-NAAF,K-acet-NAAF,AA-NAAF,AA-modifiable-NAAF,Cys. w/ carb.,Met. w/ oxid.,Lys. w/ oxid.,Pro. w/ oxid.,Arg. w/ oxid.,Tyr. w/ oxid.,Asn. w/ deam.,Lys. w/ meth.,Arg. w/ meth.,Glu. w/ pyro.,Lys. w/ acet.,Overall modified
325,6536.522107148488,3887.913626434749,208.23577733413487,3510.888104394861,4197.227522723921,2514.9035331629066,4182.7938450655,289.6672729691095,271.81099830258444,3400.09905962149,7639.685834281317,1833.093289138641,3954.3244805555187,3562.7087410441836,1113.7018984887675,5112.0293719146275,1908.0952068209758,3727.429438028573,4285.715115995427,652.4091937355181,909.5076485235936,208.23577733413487,1043.0425322899516,278.43259906308606,548.6255198116377,681.2690516400897,205.5548127417249,1389.2122623507705,752.4907156431004,204.80205609685981,67.30242894266561,491.9338666116299,57162.2399585364,19885.464489286824,1.0,0.5690067922184532,0.08188955503375306,0.1539911229596733,0.13326782811205395,0.22600668952636366,0.3513146857780393,0.22131435068449742,0.040062769831104184,0.06043127791556369,0.14468221601355155,5.170756716944278
