,NAAF,A-NAAF,C-NAAF,D-NAAF,E-NAAF,F-NAAF,G-NAAF,H-NAAF,I-NAAF,K-NAAF,L-NAAF,M-NAAF,N-NAAF,P-NAAF,Q-NAAF,R-NAAF,S-NAAF,T-NAAF,V-NAAF,W-NAAF,Y-NAAF,C-carb-NAAF,M-oxid-NAAF,K-oxid-NAAF,P-oxid-NAAF,R-oxid-NAAF,Y-oxid-NAAF,N-deam-NAAF,K-meth-NAAF,R-meth-NAAF,Q-pyro-NAAF,K-acet-NAAF,AA-NAAF,AA-modifiable-NAAF,Cys. w/ carb.,Met. w/ oxid.,Lys. w/ oxid.,Pro. w/ oxid.,Arg. w/ oxid.,Tyr. w/ oxid.,Asn. w/ deam.,Lys. w/ meth.,Arg. w/ meth.,Glu. w/ pyro.,Lys. w/ acet.,Overall modified
322,851.8514605785884,733.8500151262134,22.962069285925914,477.4392172376631,666.6812242508291,183.1718043345831,693.1809059116043,151.1453997837496,620.6569586740907,170.37568167437544,900.792641410392,8.463221326715928,766.0714755880336,443.16745178165667,162.53380146555497,545.3646621103245,556.6699269511506,472.37248317293813,559.0242715016054,35.8980667069351,65.82015993647492,22.962069285925914,1.911402696622656,0.01516053877623772,2.6115007203521934,0.3532875545855127,0.13135755168257598,1.4139489088103423,0.9436206674874754,0.09494231929113192,0.3784253440378792,0.0,8235.641438230818,2161.7964538831357,1.0,0.2258481283703303,8.898299702895844e-05,0.0058928080341939205,0.0006478005986277937,0.0019957039273279377,0.0018457140800406389,0.00553847038623116,0.00017408960625308278,0.0023282870432220653,0.0,0.07853646301646004
