GO term,Percent
Chloroplast,15.6439649359407
Membrane,24.2975949651607
Mitochondria,12.0251741964486
Endoplasmic,1.66329512249944
Golgi,1.55091031692515
Ribosome,5.55180939536975
Nucleus,6.51831872330861
Cytoplasm,32.748932344347
