GO term,Percent
Chloroplast,1.20004043121987
Membrane,52.1430289257495
Mitochondria,2.44992279728274
Endoplasmic,1.8235874342557
Golgi,1.3387613407829
Ribosome,1.27288633599041
Nucleus,13.0390684089269
Cytoplasm,26.732704325792
