,sample,A_RelNAAF,C_RelNAAF,D_RelNAAF,E_RelNAAF,F_RelNAAF,G_RelNAAF,H_RelNAAF,K_RelNAAF,I/L_RelNAAF,M_RelNAAF,N_RelNAAF,P_RelNAAF,Q_RelNAAF,R_RelNAAF,S_RelNAAF,T_RelNAAF,V_RelNAAF,W_RelNAAF,Y_RelNAAF
0,T0,0.07521176197488787,0.003993534896710488,0.027986494630724387,0.05158666416118978,0.022340306330401807,0.05035276155955261,0.006859742780628236,0.046022678293202,0.15901934344513666,0.02312510492233876,0.06990708113943901,0.08674080219549189,0.01491054949751999,0.08862775614310606,0.09496922423896723,0.07130297523329786,0.08722995391773425,0.0062276409444393475,0.013585623695231681
1,T2,0.0582047477809983,0.011514972875312945,0.03205178684088683,0.08268854124535405,0.01897122183071907,0.041146473304485176,0.008399786661270926,0.07536096974590768,0.12375412375874535,0.017991269869453843,0.048157423325773385,0.0935371468980902,0.023153014268492485,0.07666450517227613,0.06551857453341453,0.07501378779679825,0.12412987141191296,0.008879634560837634,0.01486214811927017
2,T5,0.06873843610691067,0.005299678700739102,0.042322211815574176,0.077535659798391,0.03925881593875896,0.07502336625703401,0.006039806974672479,0.06132611687517212,0.1483200174097511,0.029565638745585765,0.0863461329529992,0.07959580059203905,0.018587410719858796,0.0830880027564361,0.027539118565610716,0.056047711203246225,0.056179268575938676,0.0075242936027889624,0.03166251240849298
3,T12,0.0677999962571662,0.0037436947197143425,0.06007985971351772,0.07162919408428854,0.044553594111651405,0.07083447691389123,0.004164198441963342,0.06134341941585957,0.13596872918664196,0.03397498370218342,0.06777774984673052,0.06399180800998136,0.019177415177963324,0.09086293728547397,0.033982193597286485,0.06684253103167592,0.07552877696015597,0.011700815691813598,0.016043625852041134
