,sample,A_RelNAAF,D_RelNAAF,E_RelNAAF,F_RelNAAF,G_RelNAAF,H_RelNAAF,K_RelNAAF,I/L_RelNAAF,M_RelNAAF,P_RelNAAF,R_RelNAAF,S_RelNAAF,T_RelNAAF,V_RelNAAF,Y_RelNAAF
0,T0,0.08311048309395655,0.030925629553028335,0.05700428320072699,0.024686479917949537,0.05564079644519539,0.007580151314479871,0.05085596887761874,0.1757195165753701,0.02555369786890134,0.09585030034041303,0.09793542173691247,0.104942869284118,0.0787911965106524,0.09639082265865598,0.015012382622021288
1,T2,0.06408132893675209,0.035287861795907656,0.09103710286282839,0.02088663129407602,0.045300783714980634,0.00924786228891056,0.08296971081209115,0.13624882873305133,0.019807739513489124,0.10298102657767436,0.08440485632207814,0.0721335885165283,0.08258747600256161,0.13666251335291163,0.01636268927615905
2,T5,0.07791331448177101,0.04797117865210557,0.08788474960396,0.04449889531471278,0.08503712711144609,0.006845971582695645,0.06951163425670019,0.16811706542776417,0.033511919093656355,0.0902198681580478,0.09417819279967046,0.031214908672289245,0.06352869218860475,0.06367780921150357,0.03588867344507239
3,T12,0.07553472787581277,0.06693386585250594,0.07980076669323774,0.04963633912822375,0.07891538692158544,0.004639256836261826,0.06834157445929138,0.15148025849112848,0.03785090398523955,0.07129209544468527,0.10122872596958132,0.037858936396665606,0.07446803349158826,0.08414522019793381,0.017873908256258845
