,sample,A_RelNAAF,D_RelNAAF,E_RelNAAF,F_RelNAAF,G_RelNAAF,H_RelNAAF,K_RelNAAF,I/L_RelNAAF,M_RelNAAF,P_RelNAAF,R_RelNAAF,S_RelNAAF,T_RelNAAF,V_RelNAAF,Y_RelNAAF
0,1. T0 dig.,0.08263581535068037,0.03825189727830451,0.060860396246281805,0.027048196416812345,0.06642897503618173,0.00902372871785084,0.05133396123527365,0.17320151480654894,0.023109544803111618,0.09215020300344741,0.09129475022297594,0.09923638278674304,0.07561323462898455,0.0922146483240387,0.017596751142764516
1,2. T2 dig.,0.06897172342221732,0.04538816067265762,0.09497270622367789,0.02287889204949145,0.057986160372079716,0.009247782374461888,0.07937392118731901,0.13624937071562604,0.017273454623638378,0.09734475293334766,0.07678541209492729,0.06951281082901478,0.07934325130936808,0.12693568470172448,0.017735916490448422
2,3. T5 dig.,0.07787189631137122,0.05271102358038554,0.08622536688684926,0.04581990819081979,0.09328299578261712,0.00836531045509764,0.06728477672087314,0.1669349477475331,0.0300809733681882,0.08750326991701948,0.08834575878632586,0.034091008107615124,0.0626178569995105,0.06330655864709385,0.03555834849870021
3,4. T12 dig.,0.0758897516445013,0.06795441956510416,0.07962029863142193,0.050063509845006564,0.08268416005725907,0.005583533464000091,0.06717656833708499,0.15216689814415255,0.03612299482355885,0.07116759153417451,0.09815079447944602,0.03837237466323397,0.0730514063876007,0.08319086468005206,0.018804833743403387
