,sample,A_RelNAAF,D_RelNAAF,E_RelNAAF,F_RelNAAF,G_RelNAAF,H_RelNAAF,K_RelNAAF,I/L_RelNAAF,M_RelNAAF,P_RelNAAF,R_RelNAAF,S_RelNAAF,T_RelNAAF,V_RelNAAF,Y_RelNAAF
0,T0,0.08562090793772206,0.03576282665218978,0.06184566912596916,0.024767452013803478,0.06117700965096105,0.009417424913147027,0.04707006064048056,0.18045203454524572,0.02217806610142998,0.09104580666744609,0.09479404361879486,0.10104739416753931,0.07690585647792904,0.09372412436279251,0.014191323124549255
1,T2,0.06875773383489027,0.042946193102832014,0.09660556547786765,0.020903637487749236,0.053443479240151796,0.009144050394976512,0.07746848130318029,0.14092148853122644,0.01661541139014149,0.09723260675180108,0.07902779396659065,0.06830112025064201,0.08096851463411571,0.13233288887780525,0.015331034756029661
2,T5,0.07758106281059124,0.05556966455544209,0.09139620619243805,0.0450346139762254,0.08839861761642516,0.009197954326659706,0.06565331313176319,0.17225119000958133,0.029375279741953458,0.08419542537897043,0.09015635618486464,0.030804587538749525,0.06303685768511963,0.06334192162692878,0.03400694922428737
3,T12,0.07588605931689095,0.06852710439182044,0.0819233880583896,0.04908702636711262,0.08164166499965174,0.005653857047964644,0.06636467363045517,0.15442017894656873,0.03577914517626033,0.0695385630517742,0.09977890493995854,0.03724306658012688,0.0727536562310791,0.08365052898717823,0.017752182274768904
