,sample,A_RelNAAF,C_RelNAAF,D_RelNAAF,E_RelNAAF,F_RelNAAF,G_RelNAAF,H_RelNAAF,K_RelNAAF,I/L_RelNAAF,M_RelNAAF,N_RelNAAF,P_RelNAAF,Q_RelNAAF,R_RelNAAF,S_RelNAAF,T_RelNAAF,V_RelNAAF,W_RelNAAF,Y_RelNAAF
0,T0,0.07718178161671632,0.0038226322993262477,0.03223790477290318,0.05574992187529986,0.022326276590319685,0.05514716805244199,0.008489207257262769,0.04243065424722731,0.162665987292424,0.019992110522429118,0.07318391051971841,0.08207198144214814,0.015594622181372246,0.085450777729115,0.09108777397280152,0.06932571918115503,0.08448631383410052,0.005962684931472338,0.012792571681766235
1,T2,0.062271224171716724,0.011498546702190603,0.038894708549443796,0.08749192983226475,0.018931617192761593,0.04840169520815757,0.00828141330763459,0.07016021175242511,0.1276271499001479,0.015047936423637186,0.048954562151227905,0.0880598168982898,0.025792971080995167,0.07157242101240731,0.0618576868824737,0.07333005677207821,0.1198487868781262,0.008092539176416188,0.013884726107605683
2,T5,0.06864312416094404,0.004937350999400835,0.04916760927823325,0.08086665614292524,0.03984627803124404,0.07821441296202118,0.00813827882730939,0.05808954352537843,0.1524065202814401,0.025991020250809172,0.08358406726637624,0.07449546098875004,0.019437885027518465,0.07976964644845132,0.02725566073142764,0.055774523988664726,0.056044442204218926,0.007248433309496063,0.03008908557539117
3,T12,0.06801541768228316,0.003642890437554271,0.06141970830641947,0.07342657540656998,0.04399588845691027,0.07317407169662282,0.005067458398747575,0.05948155744225225,0.13840424794974165,0.032068255031088816,0.06917721354908161,0.062326261945446076,0.019483174544885056,0.08943017935655996,0.033380343531062555,0.06520789669425703,0.07497458320569915,0.011413289510851118,0.015910986853967243
