,sample,A_RelNAAF,C_RelNAAF,D_RelNAAF,E_RelNAAF,F_RelNAAF,G_RelNAAF,H_RelNAAF,K_RelNAAF,I/L_RelNAAF,M_RelNAAF,N_RelNAAF,P_RelNAAF,Q_RelNAAF,R_RelNAAF,S_RelNAAF,T_RelNAAF,V_RelNAAF,W_RelNAAF,Y_RelNAAF
0,T0,0.08910660094058918,0.002788133681893105,0.0579723171314057,0.08095073459075286,0.022241352505255756,0.08416841737351227,0.018352595959570905,0.02068760313962571,0.18473966010974377,0.001027633535310153,0.09301904184801436,0.05381092111713621,0.019735414986749415,0.0662200590203791,0.06759278328546739,0.05735709679881513,0.06787865592430346,0.00435886712360886,0.007992110927866527
1,T2,0.08073759157301917,0.011423953437966336,0.06996925423154395,0.10930470578236559,0.018751767680543176,0.08134854657977511,0.0077438654089766225,0.046542932652486,0.1452150360231882,0.001681898711221137,0.05257446720078986,0.06318659043978796,0.0377813383403052,0.04844864310258953,0.04523314762989951,0.065684027945151,0.1004078576113578,0.004518242622827211,0.009446133026206331
2,T5,0.06797142258842652,0.0023838821315979,0.0974098751719976,0.10434152553082425,0.04398635939580559,0.1007030010186177,0.022927052983626316,0.035280110913591366,0.18120574767284306,0.000799247700790766,0.06411868077903755,0.03855131886514737,0.02543151913127074,0.05638385647594796,0.025258019501546686,0.05384926394109119,0.0550942665994455,0.005304335002398137,0.019000514595993837
3,T12,0.07156734722671124,0.001980800848207061,0.08351151184733673,0.10306230833215384,0.0348002794728262,0.11174997391369608,0.019960664703825827,0.028782649252815404,0.17856177195630776,0.0006295720106223703,0.09225196791966894,0.034864266134133126,0.02452462169093983,0.06580646033715196,0.023456868972409884,0.03825558220528441,0.06583687942937279,0.006672476305280893,0.013723997441255754
