,sample,A_RelNAAF,C_RelNAAF,D_RelNAAF,E_RelNAAF,F_RelNAAF,G_RelNAAF,H_RelNAAF,K_RelNAAF,I/L_RelNAAF,M_RelNAAF,N_RelNAAF,P_RelNAAF,Q_RelNAAF,R_RelNAAF,S_RelNAAF,T_RelNAAF,V_RelNAAF,W_RelNAAF,Y_RelNAAF
0,1. T0 dig.,0.07463728205238349,0.005349353602267789,0.034549397668357455,0.05496956181985752,0.024430131855088782,0.05999914353341484,0.00815029878534236,0.04636521497759619,0.15643689431340535,0.02087271247040262,0.0670462311560885,0.08323074763122153,0.01778591330549934,0.08245809632757563,0.08963103783124288,0.06829443499706576,0.08328895512333032,0.006611076249759378,0.01589351630010029
1,2. T2 dig.,0.06261981839925991,0.01178503739556772,0.04120816818509013,0.08622625797251364,0.02077187569382862,0.05264596347610391,0.008396114003701131,0.07206403267554158,0.12370157548473883,0.015682667301766526,0.04683752118842243,0.0883798526171595,0.024971142473233815,0.06971391060742767,0.06311107472099,0.07203618731961423,0.11524562719346598,0.008500634241222509,0.01610253905035182
2,3. T5 dig.,0.06883875719471473,0.0055130238497936345,0.04659654542411835,0.07622322527520445,0.04050479934403979,0.0824621692965949,0.007394934534203523,0.05947974336040951,0.14757049564268496,0.02659158078793323,0.0819138353965889,0.07735289156791335,0.02059717601719218,0.07809765173763536,0.030136451541638912,0.055354186275456435,0.05596299853948585,0.007975953750914111,0.03143358046347761
3,4. T12 dig.,0.06809419294427345,0.003931411925621341,0.06097399526300321,0.07144153011181387,0.04492087831335546,0.0741906650946609,0.005009980883709718,0.060276046588051725,0.1365359867100092,0.032412363012636544,0.06684881695017028,0.06385710328857627,0.02022962681471158,0.08806853352512439,0.0344306817116528,0.06554740862389208,0.07464531992752753,0.011712297581857564,0.016873160729352243
