,sample,A_RelNAAF,C_RelNAAF,D_RelNAAF,E_RelNAAF,F_RelNAAF,G_RelNAAF,H_RelNAAF,K_RelNAAF,I/L_RelNAAF,M_RelNAAF,N_RelNAAF,P_RelNAAF,Q_RelNAAF,R_RelNAAF,S_RelNAAF,T_RelNAAF,V_RelNAAF,W_RelNAAF,Y_RelNAAF
0,T0,0.054767245783209476,0.003079257186702229,0.07916580105836832,0.07757223316990708,0.04261524560411877,0.1150317784892901,0.03343353247161607,0.039939938811747726,0.12132156022663752,0.019719153626032743,0.07341382702748546,0.11461601365755698,0.0238346340257569,0.033509619516713246,0.02989072214739357,0.05828971329580863,0.05184408112592204,0.004928122660715398,0.02302752011501783
1,T2,0.058884588501711056,0.0013180156292473975,0.06174135683935529,0.1203098622818183,0.0304476939170169,0.07634585234584504,0.015989909994008324,0.06042445297021101,0.1534640393425539,0.03272860152436585,0.055473525408604236,0.08923685741888866,0.031193178017828633,0.03328283777781037,0.028725081676967055,0.059258232557159535,0.0781167985775785,0.0029523349170066555,0.01010678030202344
2,T5,0.026115978890116177,0.002393919970979341,0.1033834989579014,0.05669957886361228,0.03056829813805473,0.10622159408471764,0.05020691716839699,0.03527893750665741,0.19393474427513654,0.019326453331684545,0.0730114799369334,0.1415656778450805,0.010274813494706261,0.014595421994813881,0.013700361053787009,0.03437416060177819,0.03495833261360246,0.0028103215065708666,0.050579509765470355
3,T12,0.04079344949879908,0.0008551378520756071,0.07589132215524068,0.045237183177546415,0.020584443767410084,0.108889421093347,0.042817776249976576,0.05772361619136467,0.1906328234577723,0.016864396933923588,0.06933000403708212,0.1380920678260501,0.014780251702686991,0.020244984589223684,0.01796739263946494,0.033683965254016485,0.059012144215820225,0.005151428437891745,0.041448190920307375
