,sample,A_RelNAAF,C_RelNAAF,D_RelNAAF,E_RelNAAF,F_RelNAAF,G_RelNAAF,H_RelNAAF,K_RelNAAF,I/L_RelNAAF,M_RelNAAF,N_RelNAAF,P_RelNAAF,Q_RelNAAF,R_RelNAAF,S_RelNAAF,T_RelNAAF,V_RelNAAF,W_RelNAAF,Y_RelNAAF
0,T0,0.05395868755652993,0.0035184551389853005,0.07321560923718393,0.07813682107974038,0.044403870529099776,0.10925610446906205,0.03284261643868953,0.04214231330090338,0.11792133972106317,0.022342653001072108,0.07835614767975614,0.11736627354292639,0.021784313439943595,0.0341776903257655,0.030390720941383054,0.060643682223778944,0.04994957812770265,0.005539846227987984,0.024053277018426272
1,T2,0.0568116314733065,0.002131562189127405,0.0462905624645912,0.11200199414936499,0.026558398001172146,0.06255049272106593,0.014411414052825271,0.06648293520707423,0.15533787641038208,0.045546943429034134,0.06347881951226865,0.09803032840130797,0.026694599921171562,0.033369803516126596,0.026543753311058935,0.06581609099717528,0.08249927537879205,0.004026370733772561,0.011417148130382445
2,T5,0.024877178871823207,0.002694928826068856,0.09420056810474157,0.05507054705233676,0.03061371803485798,0.10497268220099766,0.0507996225413071,0.03646376653872204,0.19553826263459995,0.021239568362704853,0.07929888582315445,0.1452258269453203,0.009025087758728846,0.013730902700416969,0.012925440715285055,0.03502318934864529,0.03372335005429342,0.0028261656561205987,0.05175030782987503
3,T12,0.04145424320007779,0.0008767309808631512,0.07432320342383848,0.04561489147366486,0.02093812475912945,0.10771707364383845,0.04186106570017229,0.058948164229875734,0.18893688455576096,0.016900460043323583,0.07066222670776653,0.1378808695055564,0.014865187495915451,0.020629466325901562,0.018308150419120667,0.03446235202756739,0.05954355556000506,0.00523491131382464,0.04084243863379743
