,sample,A_RelNAAF,D_RelNAAF,E_RelNAAF,F_RelNAAF,G_RelNAAF,H_RelNAAF,K_RelNAAF,I/L_RelNAAF,M_RelNAAF,P_RelNAAF,R_RelNAAF,S_RelNAAF,T_RelNAAF,V_RelNAAF,Y_RelNAAF
0,T0,0.06120995060570032,0.08847870114967561,0.08669766925105407,0.04762841441403292,0.1285638775279432,0.037366583655902987,0.044638390097960216,0.13559357609974368,0.022038873822749817,0.12809920298661778,0.03745162142264714,0.033407004497779474,0.06514679386617481,0.05794291094127834,0.025736429660739673
1,T2,0.06477503979129498,0.06791758162531052,0.13234491935633633,0.03349349354747772,0.0839830208452377,0.017589442033563978,0.06646894281003456,0.16881563593940943,0.036002569093144525,0.09816356261011601,0.03661224772526409,0.03159856179651612,0.0651860608950385,0.08593112162249704,0.011117800308758573
2,T5,0.02865135238887985,0.11342010469150939,0.0622040483781082,0.03353590863152401,0.11653372581724666,0.05508107056616803,0.0387038630511014,0.2127621837210605,0.021202690780352047,0.15530905960584498,0.016012364713469868,0.015030410081832882,0.03771124921709247,0.0383521334143466,0.055489834941463076
3,T12,0.04483372204968084,0.083407764856733,0.04971757284101019,0.022623172145383723,0.11967406775917522,0.04705854255432331,0.06344068951811216,0.20951351566146056,0.018534683728898153,0.1517690085600892,0.022250092186983286,0.01974692254399734,0.037020098919904786,0.06485683617919227,0.045553310495055635
