,sample,A_RelNAAF,D_RelNAAF,E_RelNAAF,F_RelNAAF,G_RelNAAF,H_RelNAAF,K_RelNAAF,I/L_RelNAAF,M_RelNAAF,P_RelNAAF,R_RelNAAF,S_RelNAAF,T_RelNAAF,V_RelNAAF,Y_RelNAAF
0,T0,0.06552134157028085,0.13105449911542297,0.07980787692090621,0.03260560710313901,0.1686118005530699,0.04073826309836891,0.026560275952159138,0.15737494883372066,0.0014370937465562814,0.10335526195420466,0.03125116864159644,0.028605288467938535,0.04530176596689656,0.0706065032758299,0.017168304799910012
1,T2,0.0678174006003865,0.09454431398644146,0.1457496279865686,0.04003987996501758,0.10753463879450238,0.02020828685862715,0.05514171826438858,0.1639005285796325,0.013033071669139654,0.0817067966018622,0.0361101190256406,0.03514812095960213,0.052989562812841284,0.07737703170841921,0.008698902186930433
2,T5,0.03768914595312574,0.18482762072222642,0.07299524052396593,0.0316624686380185,0.12173738151379664,0.04768987464431518,0.027112365119146713,0.18992374920062277,0.004327206734945857,0.11790707419148033,0.022497119243909066,0.020812873082685437,0.030625513096221548,0.04692561918074787,0.043266748154791874
3,T12,0.015074196002778236,0.14223574423370688,0.03121014746157141,0.006780128641306201,0.1600931206774244,0.08318744285805207,0.009512464684614835,0.2657231984377083,0.015910880747688858,0.15095955856903076,0.005172941801715159,0.004610129420068852,0.0029459338554884825,0.039134518531308025,0.06744959407753763
