,sample,A_RelNAAF,C_RelNAAF,D_RelNAAF,E_RelNAAF,F_RelNAAF,G_RelNAAF,H_RelNAAF,K_RelNAAF,I/L_RelNAAF,M_RelNAAF,N_RelNAAF,P_RelNAAF,Q_RelNAAF,R_RelNAAF,S_RelNAAF,T_RelNAAF,V_RelNAAF,W_RelNAAF,Y_RelNAAF
0,T0,0.06043612178189693,0.0,0.12088314248128507,0.07361385547292076,0.030075031958011637,0.15552555957908434,0.037576499058021774,0.02449888896556972,0.14516081852403032,0.0013255585218095172,0.0387627629494757,0.09533368897161605,0.038209619988441884,0.028825713707711944,0.026385184674527034,0.04178582091414614,0.06512661566910695,0.000639272539699386,0.015835844242644677
1,T2,0.06224295776652414,0.0,0.08677297700038261,0.13376932555570242,0.03674868891428849,0.09869552536176819,0.0185472096296797,0.050609188950311225,0.15042826159625625,0.011961781523453412,0.042504258170957765,0.07499067562460808,0.03848126272395598,0.03314194577732455,0.03225902186007302,0.048633935996176485,0.07101680798863717,0.0012123042135669532,0.00798387134633334
2,T5,0.03595720698817349,2.6568464009642868e-06,0.17633418978785712,0.06964087156382152,0.030207475117364983,0.1161431524803973,0.04549836963560783,0.02586646366942262,0.18119613457068462,0.00412835749694568,0.023063308676302824,0.11248886025026462,0.020202837264607167,0.02146330336848004,0.019856453801937075,0.029218171058835788,0.044769234198856096,0.0026844530149369183,0.04127850020910329
3,T12,0.014624490292547905,0.0,0.13799245149895872,0.03027906088633963,0.006577858313553419,0.1553170921234662,0.08070572721193532,0.009228681079423073,0.25779592724818146,0.015436214375717128,0.016570904403838217,0.14645600988956345,0.011416597806100243,0.0050186183826424775,0.0044725962790161744,0.0028580483538982247,0.03796702565491181,0.0018453134272902667,0.06543738277261654
