,sample,A_RelNAAF,D_RelNAAF,E_RelNAAF,F_RelNAAF,G_RelNAAF,H_RelNAAF,K_RelNAAF,I/L_RelNAAF,M_RelNAAF,P_RelNAAF,R_RelNAAF,S_RelNAAF,T_RelNAAF,V_RelNAAF,Y_RelNAAF
0,T0,0.060573206776357524,0.08219073588353493,0.08771521388751033,0.0498471136536061,0.12264925088569771,0.03686862462199732,0.04730832370478482,0.13237671295814626,0.025081524430120523,0.13175360405936853,0.03836735838083541,0.034116163810255576,0.06807768071030736,0.05607264115072063,0.027001845086756984
1,T2,0.06286776864666528,0.05122515048551819,0.12394144074978497,0.029389531296038517,0.0692183942467939,0.015947675168772775,0.07357003629641269,0.17189694122445182,0.05040226143487329,0.108480391188656,0.0369270347080639,0.029373325477510457,0.0728321062911638,0.0912937231958983,0.012634219589395918
2,T5,0.027453560086766967,0.10395635976233075,0.0607738755387922,0.03378419843663405,0.11584407754282369,0.05606063681933264,0.04024010161355094,0.2157889956156263,0.023439223927555326,0.16026600068826752,0.015152930493996209,0.014264051609442649,0.03865033242584805,0.03721587651931243,0.05710977891972034
3,T12,0.045636311751005396,0.0818212231113007,0.050216702732533335,0.02305044587057576,0.11858399947118065,0.04608417611924457,0.06489508895289701,0.20799758720077766,0.01860544551615594,0.15179083875407612,0.02271064874979903,0.02015514928299844,0.037939050852097256,0.06555054572301545,0.04496278591234272
