,A,C,D,E,F,G,H,I,K,L,M,N,P,Q,R,S,T,V,W,Y,c-carb,m-oxid,k-oxid,p-oxid,r-oxid,y-oxid,n-deam,k-meth,r-meth,q-pyro,k-acet,Total area,Total length,% C w/ carb,% M w/ oxid,% K w/ oxid,% P w/ oxid,% R w/ oxid,% Y w/ oxid,% N w/ deam,% K w/ meth,% R w/ meth,% Q w/ pyro,% K w/ acet,NAAF denom.
sample total,968,77,1123,1359,581,1022,287,0,899,1801,648,928,2367,351,483,600,1130,1204,193,373,77,257,124,375,96,92,419,164,78,15,93,3716991374.1,14786,1.0,0.3966049382716049,0.13793103448275862,0.15842839036755388,0.7763975155279503,0.24664879356568364,0.4515086206896552,0.18242491657397109,0.16149068322981366,0.042735042735042736,0.10344827586206896,251385.8632557825
