,NAAF,A,C,D,E,F,G,H,I,K,L,M,N,P,Q,R,S,T,V,W,Y,c-carb,m-oxid,k-oxid,p-oxid,r-oxid,y-oxid,n-deam,k-meth,r-meth,q-pyro,k-acet,% C w/ carb.,% M w/ oxid,% K w/ oxid,% P w/ oxid,% R w/ oxid,% Y w/ oxid,% N w/ deam,% K w/ meth,% R w/ meth,% Q w/ pyro,% K w/ acet,NAAF check
sample total,3939.3937277618766,1986.0265673379968,74.51535940363274,1618.230008319571,3915.3766615554573,928.4310738558407,2186.646239907547,503.7956214171954,0.0,2324.1169487959332,5430.316670448714,1592.234501373278,2219.0987786339965,3426.9538043691564,933.1924338912128,1166.5448537772672,927.9191233470979,2300.8053437110298,2884.0177343859423,140.75426175679735,399.12178056049726,74.51535940363274,1101.2908549683352,307.3593563771273,805.232385894232,82.2345204903963,82.5533075113348,825.9826150295733,435.06440097930204,197.84525643228233,158.60393622273165,348.4281170238395,1.0,0.6916637304483031,0.13224780127194652,0.2349703065350954,0.07049409221096067,0.2068373903208264,0.37221534389650773,0.18719557172228274,0.16959935641708096,0.16995844636393714,0.14991849579873825,0.006644955263593055
