,NAAF,A,C,D,E,F,G,H,I,K,L,M,N,P,Q,R,S,T,V,W,Y,c-carb,m-oxid,k-oxid,p-oxid,r-oxid,y-oxid,n-deam,k-meth,r-meth,q-pyro,k-acet,% C w/ carb.,% M w/ oxid,% K w/ oxid,% P w/ oxid,% R w/ oxid,% Y w/ oxid,% N w/ deam,% K w/ meth,% R w/ meth,% Q w/ pyro,% K w/ acet,NAAF check
sample total,2264.7298878146576,904.6674725005225,19.133143902597702,1621.9759281351435,995.4664563213782,456.9385168441985,2350.739640528309,913.545673005607,0.0,1286.4421739651325,4123.222150944068,368.8234373908658,1542.08141560896,3009.0125423284044,324.4071188387046,450.2025780572682,399.5438557612888,752.0814878884133,1299.4355644650418,114.24292476368834,891.3158913856585,19.133143902597702,95.9644749682992,150.63663913081467,358.1817015137183,45.75027186888806,31.008604501502564,1144.0423607557618,153.8831175988811,75.83534356637614,3.65188926664852,162.1918723377197,1.0,0.26019082639425517,0.11709553851652371,0.1190362939586,0.10162152350684313,0.034789691063732676,0.7418819455158179,0.119619148620241,0.16844715526424522,0.011257118153637809,0.12607785691431764,0.009373616577078192
