,NAAF,A,C,D,E,F,G,H,I,K,L,M,N,P,Q,R,S,T,V,W,Y,c-carb,m-oxid,k-oxid,p-oxid,r-oxid,y-oxid,n-deam,k-meth,r-meth,q-pyro,k-acet,% C w/ carb.,% M w/ oxid,% K w/ oxid,% P w/ oxid,% R w/ oxid,% Y w/ oxid,% N w/ deam,% K w/ meth,% R w/ meth,% Q w/ pyro,% K w/ acet,NAAF check
sample total,6201.829346921771,3653.9884468169676,201.7613275723453,3237.9222035189164,3860.3578478979116,2401.1552674818854,3817.5276484963606,224.4238029080865,0.0,3306.020032561682,7327.849454325919,1831.0354687586198,3652.789506828729,3448.7513284292686,1033.5406691513465,4896.9342391355085,1831.4240362344856,3602.387162667919,4070.520555308369,630.599523841457,864.6493620155042,201.7613275723453,1042.6458139655024,278.33152093703853,548.622411590698,681.2690516400897,205.48027169656572,1388.15966836928,752.4907156431004,204.8020560968598,67.29469342332912,491.83818216309544,1.0,0.5694296105975386,0.08418930260424717,0.15907856477450572,0.1391215438825985,0.2376457795765785,0.38002728210157655,0.22761226738847984,0.041822504876646044,0.0651108325312304,0.14877047849646355,0.02546626426176594
