,A,C,D,E,F,G,H,I,K,L,M,N,P,Q,R,S,T,V,W,Y,c-carb,m-oxid,k-oxid,p-oxid,r-oxid,y-oxid,n-deam,k-meth,r-meth,q-pyro,k-acet,Total area,Total length,% C w/ carb,% M w/ oxid,% K w/ oxid,% P w/ oxid,% R w/ oxid,% Y w/ oxid,% N w/ deam,% K w/ meth,% R w/ meth,% Q w/ pyro,% K w/ acet,NAAF denom.
sample total,2285,98,1570,3308,1133,1855,429,0,2203,3779,1180,1600,3478,896,895,1301,2208,2542,229,529,98,492,267,754,171,108,578,353,142,54,241,16893561990.0,28496,1.0,0.41694915254237286,0.12119836586472992,0.21679125934445084,0.8424581005586592,0.20415879017013233,0.36125,0.16023604176123468,0.15865921787709497,0.060267857142857144,0.10939627780299592,592839.7666339135
