,NAAF,A,C,D,E,F,G,H,I,K,L,M,N,P,Q,R,S,T,V,W,Y,c-carb,m-oxid,k-oxid,p-oxid,r-oxid,y-oxid,n-deam,k-meth,r-meth,q-pyro,k-acet,% C w/ carb.,% M w/ oxid,% K w/ oxid,% P w/ oxid,% R w/ oxid,% Y w/ oxid,% N w/ deam,% K w/ meth,% R w/ meth,% Q w/ pyro,% K w/ acet,NAAF check
sample total,5762.920456063609,3749.423045978708,199.08391165793887,1395.170186009378,2571.675259192958,1113.6989376395663,2510.1632997654383,341.96882237330294,0.0,2294.3019296344955,7927.361032555937,1152.822365276357,3484.9764746746832,4324.163591421336,743.3140302293926,4418.231173832812,4734.363198926165,3554.563961363366,4348.548563827221,310.45756496115257,677.2644230021314,199.08391165793887,405.9619273284796,356.0572553528986,666.3998867958876,302.32118427392186,226.0797864666675,1125.7146796039267,309.91725133244097,74.18480735057805,7.4367316750242605,279.56707948151023,1.0,0.3521461237709086,0.15519197833287007,0.15411070203679425,0.06842584110682884,0.33381317368556956,0.3230193052333331,0.13508128434595956,0.0167906124491496,0.010004831568602608,0.12185278487999528,0.02464820245797348
