,NAAF,A,C,D,E,F,G,H,I,K,L,M,N,P,Q,R,S,T,V,W,Y,c-carb,m-oxid,k-oxid,p-oxid,r-oxid,y-oxid,n-deam,k-meth,r-meth,q-pyro,k-acet,% C w/ carb.,% M w/ oxid,% K w/ oxid,% P w/ oxid,% R w/ oxid,% Y w/ oxid,% N w/ deam,% K w/ meth,% R w/ meth,% Q w/ pyro,% K w/ acet,NAAF check
sample total,4500.043881659767,2680.6577142924752,206.67657568338996,1650.4792662562932,3023.73135530818,1531.0131239608208,2925.757071288519,235.5400570113572,0.0,2391.5925004948513,5784.175802822357,1152.9991380378665,3367.321698151211,3104.0726115804628,724.8708111050955,3240.2613176676914,1073.9690165906704,2185.74552920784,2190.875996322797,293.4319841019766,1234.772900705764,206.67657568338996,416.0960152675841,255.49998143966533,482.4968909671002,476.57104509624116,437.81316310398034,1674.9815105122523,111.15701457927784,106.28634483946527,26.730538836902614,305.92931969191096,1.0,0.3608814625617862,0.10683257343665323,0.15543994981529546,0.1470779663657721,0.35456978595313987,0.49742248013662654,0.04647824182266754,0.032801781837759045,0.03687627978308411,0.12791866491829618,0.020497164687601554
