,NAAF,A,C,D,E,F,G,H,I,K,L,M,N,P,Q,R,S,T,V,W,Y,c-carb,m-oxid,k-oxid,p-oxid,r-oxid,y-oxid,n-deam,k-meth,r-meth,q-pyro,k-acet,% C w/ carb.,% M w/ oxid,% K w/ oxid,% P w/ oxid,% R w/ oxid,% Y w/ oxid,% N w/ deam,% K w/ meth,% R w/ meth,% Q w/ pyro,% K w/ acet,NAAF check
sample total,3756.6971834364717,2270.3802930533443,98.8368865280356,1651.9817928243265,2792.400459379602,1614.222430231629,2856.2307979654774,327.1460024498693,0.0,905.639447087925,5716.312860173837,435.76952200083406,2912.2265520300857,1498.5666920690628,659.448475703876,2119.104727229407,920.2089914615962,2313.096281183305,2255.928026467833,163.4556726667373,392.7236997732565,98.8368865280356,232.17199360358737,0.0,0.0,0.0,0.0,776.1207517818364,0.0,269.0634105698341,0.0,0.0,1.0,0.5327862135414394,0.0,0.0,0.0,0.0,0.2665042495546268,0.0,0.12697032247274403,0.0,0.0,0.016101838024707577
