,A,C,D,E,F,G,H,I,K,L,M,N,P,Q,R,S,T,V,W,Y,c-carb,m-oxid,k-oxid,p-oxid,r-oxid,y-oxid,n-deam,k-meth,r-meth,q-pyro,k-acet,Total area,Total length,% C w/ carb,% M w/ oxid,% K w/ oxid,% P w/ oxid,% R w/ oxid,% Y w/ oxid,% N w/ deam,% K w/ meth,% R w/ meth,% Q w/ pyro,% K w/ acet,NAAF denom.
sample total,3563,502,2646,4830,1350,2423,360,0,4562,4945,1060,2882,3365,1390,3190,2285,2754,3347,825,1275,502,622,333,993,376,168,980,310,191,112,539,5664349773.1,42428,1.0,0.5867924528301887,0.07299430074528715,0.2950965824665676,0.31128526645768023,0.13176470588235295,0.34004163775156143,0.06795265234546252,0.05987460815047022,0.08057553956834532,0.1181499342393687,133504.9913524088
