,A,C,D,E,F,G,H,I,K,L,M,N,P,Q,R,S,T,V,W,Y,c-carb,m-oxid,k-oxid,p-oxid,r-oxid,y-oxid,n-deam,k-meth,r-meth,q-pyro,k-acet,Total area,Total length,% C w/ carb,% M w/ oxid,% K w/ oxid,% P w/ oxid,% R w/ oxid,% Y w/ oxid,% N w/ deam,% K w/ meth,% R w/ meth,% Q w/ pyro,% K w/ acet,NAAF denom.
sample total,1173,65,1327,1438,632,1280,452,0,994,2355,747,1029,2769,384,569,696,1201,1409,177,454,65,289,115,485,119,82,503,171,88,9,135,12060110705.5,17501,1.0,0.3868808567603748,0.11569416498993963,0.17515348501263994,0.8523725834797891,0.18061674008810572,0.48882410106899904,0.1720321931589537,0.1546572934973638,0.0234375,0.1358148893360161,689109.8054682589
