,A,C,D,E,F,G,H,I,K,L,M,N,P,Q,R,S,T,V,W,Y,c-carb,m-oxid,k-oxid,p-oxid,r-oxid,y-oxid,n-deam,k-meth,r-meth,q-pyro,k-acet,Total area,Total length,% C w/ carb,% M w/ oxid,% K w/ oxid,% P w/ oxid,% R w/ oxid,% Y w/ oxid,% N w/ deam,% K w/ meth,% R w/ meth,% Q w/ pyro,% K w/ acet,NAAF denom.
sample total,1480,61,1154,1519,820,1436,387,0,1525,3089,774,1146,2397,434,835,836,1493,1880,211,409,61,235,149,488,135,70,504,247,134,4,190,4878766935.75,20193,1.0,0.30361757105943155,0.09770491803278689,0.2035878181059658,0.5844311377245509,0.17114914425427874,0.4397905759162304,0.1619672131147541,0.16047904191616766,0.009216589861751152,0.12459016393442623,241606.8407740306
