,A,C,D,E,F,G,H,I,K,L,M,N,P,Q,R,S,T,V,W,Y,c-carb,m-oxid,k-oxid,p-oxid,r-oxid,y-oxid,n-deam,k-meth,r-meth,q-pyro,k-acet,Total area,Total length,% C w/ carb,% M w/ oxid,% K w/ oxid,% P w/ oxid,% R w/ oxid,% Y w/ oxid,% N w/ deam,% K w/ meth,% R w/ meth,% Q w/ pyro,% K w/ acet,NAAF denom.
sample total,2424,286,1892,2611,1213,2036,268,0,2843,3611,819,2326,2479,991,2792,1629,2070,2171,568,1018,286,431,203,658,317,132,775,183,145,29,405,6692161559.47,30482,1.0,0.5262515262515263,0.07140344706296166,0.2654296087131908,0.2356733524355301,0.12966601178781925,0.33319002579535684,0.06436862469222653,0.05193409742120344,0.029263370332996974,0.14245515300738656,219544.70046158388
