,NAAF,A,C,D,E,F,G,H,I,K,L,M,N,P,Q,R,S,T,V,W,Y,c-carb,m-oxid,k-oxid,p-oxid,r-oxid,y-oxid,n-deam,k-meth,r-meth,q-pyro,k-acet,% C w/ carb.,% M w/ oxid,% K w/ oxid,% P w/ oxid,% R w/ oxid,% Y w/ oxid,% N w/ deam,% K w/ meth,% R w/ meth,% Q w/ pyro,% K w/ acet,NAAF check
sample total,5014.491956148867,3659.5403571425427,101.24715100559092,1216.1506175319582,2270.4186398359598,1048.2972043711377,2549.3881362989728,250.10031623972725,0.0,823.4664291115002,7583.982431924463,813.4069847448495,3232.223326830467,3392.5437003782513,744.926575825963,2920.7999256038865,4440.069863248496,3770.799905825169,4632.454377105478,182.50983755875694,292.91258460843574,101.24715100559092,344.92340944614205,0.0,0.0,0.0,0.0,701.7544596927123,0.0,296.0402005054732,0.0,0.0,1.0,0.4240477595042266,0.0,0.0,0.0,0.0,0.21711199652186655,0.0,0.10135586416254298,0.0,0.0,0.021447148872060104
