,A,C,D,E,F,G,H,I,K,L,M,N,P,Q,R,S,T,V,W,Y,c-carb,m-oxid,k-oxid,p-oxid,r-oxid,y-oxid,n-deam,k-meth,r-meth,q-pyro,k-acet,Total area,Total length,% C w/ carb,% M w/ oxid,% K w/ oxid,% P w/ oxid,% R w/ oxid,% Y w/ oxid,% N w/ deam,% K w/ meth,% R w/ meth,% Q w/ pyro,% K w/ acet,NAAF denom.
sample total,3561,360,2721,3535,1854,2765,463,0,4388,5658,1316,3086,3788,1221,3971,2142,2697,3402,931,1345,360,695,301,1076,451,206,1025,320,267,26,689,10647670185.09,43722,1.0,0.5281155015197568,0.06859617137648132,0.2840549102428722,0.27096449257114075,0.15315985130111523,0.3321451717433571,0.07292616226071102,0.06723747166960463,0.021294021294021293,0.15701914311759343,243531.17847056402
