,NAAF,A,C,D,E,F,G,H,I,K,L,M,N,P,Q,R,S,T,V,W,Y,c-carb,m-oxid,k-oxid,p-oxid,r-oxid,y-oxid,n-deam,k-meth,r-meth,q-pyro,k-acet,% C w/ carb.,% M w/ oxid,% K w/ oxid,% P w/ oxid,% R w/ oxid,% Y w/ oxid,% N w/ deam,% K w/ meth,% R w/ meth,% Q w/ pyro,% K w/ acet,NAAF check
sample total,5015.423172976296,2683.9064321230503,402.5449644517468,1394.0529351599102,3325.2232841079594,1179.464579342722,2254.7360894887065,257.1488071356594,0.0,1490.7241889127827,6196.890793288906,478.69183687568466,2148.5685270772565,3555.808579284734,1094.2674490621937,2552.194731313242,3061.5003580700713,3848.537942784656,6565.116394300014,252.09944858799557,475.1692816959951,402.5449644517468,298.30882508303375,0.0,0.0,0.0,0.0,679.9746678341,0.0,385.5108867441729,0.0,0.0,1.0,0.6231750828048985,0.0,0.0,0.0,0.0,0.31647799884655486,0.0,0.15105073371333494,0.0,0.0,0.037567308324470076
