,NAAF,A,C,D,E,F,G,H,I,K,L,M,N,P,Q,R,S,T,V,W,Y,c-carb,m-oxid,k-oxid,p-oxid,r-oxid,y-oxid,n-deam,k-meth,r-meth,q-pyro,k-acet,% C w/ carb.,% M w/ oxid,% K w/ oxid,% P w/ oxid,% R w/ oxid,% Y w/ oxid,% N w/ deam,% K w/ meth,% R w/ meth,% Q w/ pyro,% K w/ acet,NAAF check
sample total,1993.6093289599364,468.5767166647573,50.76061507902027,1774.3246988696717,1037.2870756636885,576.6279028496251,1977.2239858333908,956.8416282593603,0.0,686.8171061509277,3683.0814924689575,400.0601216902976,1493.6424964276491,2735.4163233531954,169.99298881057263,258.62986061864086,243.45849676199109,659.6829631154062,635.199703503156,53.232540181459726,974.7483609075388,50.76061507902027,178.2230603908202,29.013303783230814,193.39411804944731,20.95736100450206,32.38456037934133,1281.659300122895,69.12380131242413,69.35471135805221,0.9517113480749575,76.8307532756208,1.0,0.4454906918435368,0.042243129245611945,0.07070006726156265,0.08103225572782739,0.033223508423435265,0.85807634905156,0.10064368038211649,0.26816204127456983,0.005598532943823189,0.11186493840579632,0.0028930212763494238
