,NAAF,A,C,D,E,F,G,H,I,K,L,M,N,P,Q,R,S,T,V,W,Y,c-carb,m-oxid,k-oxid,p-oxid,r-oxid,y-oxid,n-deam,k-meth,r-meth,q-pyro,k-acet,% C w/ carb.,% M w/ oxid,% K w/ oxid,% P w/ oxid,% R w/ oxid,% Y w/ oxid,% N w/ deam,% K w/ meth,% R w/ meth,% Q w/ pyro,% K w/ acet,NAAF check
sample total,6001.990933681222,2973.218088469272,588.2084700363641,1637.2711168108017,4223.900556443703,969.0889842816467,2101.8463848674555,429.0783585995857,0.0,3849.593150994928,6321.6148735256265,919.0310249545573,2459.9801147666044,4778.069619812023,1182.7035327888213,3916.1804184670227,3346.8233840034895,3831.8583838077875,6340.808835559468,453.5899750758533,759.1890577034598,588.2084700363641,603.7978195419689,463.9333150087881,951.0555048906687,416.8987674148861,137.27051359438545,871.5007880550427,348.1906642679037,143.77754379180882,223.14905024982215,622.6780199356879,1.0,0.656993945957183,0.12051489516207303,0.19904597056249773,0.10645545477143259,0.1808120285737884,0.35427147675855425,0.09044869174757175,0.036713718069222696,0.18867708099563674,0.16175164374831577,0.04495705271315541
