,A,C,D,E,F,G,H,I,K,L,M,N,P,Q,R,S,T,V,W,Y,c-carb,m-oxid,k-oxid,p-oxid,r-oxid,y-oxid,n-deam,k-meth,r-meth,q-pyro,k-acet,Total area,Total length,% C w/ carb,% M w/ oxid,% K w/ oxid,% P w/ oxid,% R w/ oxid,% Y w/ oxid,% N w/ deam,% K w/ meth,% R w/ meth,% Q w/ pyro,% K w/ acet,NAAF denom.
sample total,3307,560,2747,4076,1590,2550,373,0,4207,5149,1240,3167,3453,1447,3640,2341,2627,3031,889,1473,560,630,339,909,354,193,1109,310,175,39,504,10017691572.880001,42846,1.0,0.5080645161290323,0.08057998573805562,0.263249348392702,0.24972527472527473,0.13102511880515955,0.3501736659299021,0.07368671262182078,0.04807692307692308,0.026952315134761574,0.11980033277870217,233806.92650142373
