,NAAF,A,C,D,E,F,G,H,I,K,L,M,N,P,Q,R,S,T,V,W,Y,c-carb,m-oxid,k-oxid,p-oxid,r-oxid,y-oxid,n-deam,k-meth,r-meth,q-pyro,k-acet,% C w/ carb.,% M w/ oxid,% K w/ oxid,% P w/ oxid,% R w/ oxid,% Y w/ oxid,% N w/ deam,% K w/ meth,% R w/ meth,% Q w/ pyro,% K w/ acet,NAAF check
sample total,1996.1911748896036,968.4718462009662,63.15062316255323,1314.102685955397,1402.4305407371414,796.9782145781959,1960.9717358863586,589.4722576994673,0.0,756.3868917854411,2116.4988022828356,401.0147648292321,1406.3671012217849,2106.5362551815815,390.9934657565542,613.4346913831364,545.46466843999,1088.456772084338,896.5147659608226,99.43134918669281,431.71772065088845,63.15062316255323,281.70239030962637,46.42777865954481,434.88661433647223,63.90893988340877,86.08156581877171,895.451529567958,96.937687954738,53.20858160905044,10.755954238032537,43.33470278396824,1.0,0.7024738613541732,0.061380993197743906,0.20644629935362085,0.10418214160550761,0.19939317220749936,0.6367125118257049,0.12815886817646704,0.08673878793695033,0.02750929409324083,0.05729171572722163,0.007940745549628512
